{
  "gpt5": {
    "asia": {
      "n": 4,
      "mean_original": 0.675,
      "mean_perturbed": 0.0,
      "mean_difference": 0.675,
      "std_difference": 0.15000000000000002,
      "t_statistic": 9.0,
      "p_value": 0.0014479060809320734,
      "cohens_d": 4.5,
      "significant_at_0_05": 1,
      "memorization_strength": "strong"
    },
    "cancer": {
      "n": 4,
      "mean_original": 0.4,
      "mean_perturbed": 0.0,
      "mean_difference": 0.4,
      "std_difference": 0.282842712474619,
      "t_statistic": 2.8284271247461903,
      "p_value": 0.03313780137076212,
      "cohens_d": 1.4142135623730951,
      "significant_at_0_05": 1,
      "memorization_strength": "strong"
    },
    "child": {
      "n": 4,
      "mean_original": 0.5,
      "mean_perturbed": 0.15,
      "mean_difference": 0.35,
      "std_difference": 0.3511884584284246,
      "t_statistic": 1.993231791080248,
      "p_value": 0.07012167577517092,
      "cohens_d": 0.996615895540124,
      "significant_at_0_05": 0,
      "memorization_strength": "strong"
    },
    "earthquake": {
      "n": 4,
      "mean_original": 0.0,
      "mean_perturbed": 0.3,
      "mean_difference": -0.3,
      "std_difference": 0.3559026084010437,
      "t_statistic": -1.6858544608470492,
      "p_value": 0.9047947955000655,
      "cohens_d": -0.8429272304235246,
      "significant_at_0_05": 0,
      "memorization_strength": "none"
    },
    "alarm": {
      "n": 4,
      "mean_original": 0.5249999999999999,
      "mean_perturbed": 0.0,
      "mean_difference": 0.5249999999999999,
      "std_difference": 0.3593976442141304,
      "t_statistic": 2.9215550432890596,
      "p_value": 0.03070937550594132,
      "cohens_d": 1.4607775216445298,
      "significant_at_0_05": 1,
      "memorization_strength": "strong"
    },
    "sachs": {
      "n": 4,
      "mean_original": 0.42500000000000004,
      "mean_perturbed": 0.155,
      "mean_difference": 0.27,
      "std_difference": 0.3259856847572707,
      "t_statistic": 1.6565144583023168,
      "p_value": 0.098097594290194,
      "cohens_d": 0.8282572291511584,
      "significant_at_0_05": 0,
      "memorization_strength": "strong"
    }
  },
  "deepseek": {
    "asia": {
      "n": 4,
      "mean_original": 0.77,
      "mean_perturbed": 0.8125,
      "mean_difference": -0.04250000000000001,
      "std_difference": 0.117011395456454,
      "t_statistic": -0.7264249748361724,
      "p_value": 0.739937004530921,
      "cohens_d": -0.3632124874180862,
      "significant_at_0_05": 0,
      "memorization_strength": "none"
    },
    "cancer": {
      "n": 4,
      "mean_original": 0.65,
      "mean_perturbed": 0.5725,
      "mean_difference": 0.0775,
      "std_difference": 0.0655108133567785,
      "t_statistic": 2.366021608613747,
      "p_value": 0.049429621713487276,
      "cohens_d": 1.1830108043068734,
      "significant_at_0_05": 1,
      "memorization_strength": "weak"
    },
    "child": {
      "n": 4,
      "mean_original": 0.7250000000000001,
      "mean_perturbed": 0.7050000000000001,
      "mean_difference": 0.019999999999999962,
      "std_difference": 0.09933109617167558,
      "t_statistic": 0.40269363312841394,
      "p_value": 0.3570758548222525,
      "cohens_d": 0.20134681656420694,
      "significant_at_0_05": 0,
      "memorization_strength": "none"
    },
    "earthquake": {
      "n": 4,
      "mean_original": 0.9299999999999999,
      "mean_perturbed": 0.6875,
      "mean_difference": 0.2425,
      "std_difference": 0.30478134238608945,
      "t_statistic": 1.5913047570530547,
      "p_value": 0.10488750536908756,
      "cohens_d": 0.7956523785265274,
      "significant_at_0_05": 0,
      "memorization_strength": "strong"
    },
    "alarm": {
      "n": 4,
      "mean_original": 0.6325,
      "mean_perturbed": 0.825,
      "mean_difference": -0.19249999999999998,
      "std_difference": 0.2022168802713232,
      "t_statistic": -1.903896447633,
      "p_value": 0.9234785725781072,
      "cohens_d": -0.9519482238165,
      "significant_at_0_05": 0,
      "memorization_strength": "none"
    },
    "sachs": {
      "n": 4,
      "mean_original": 0.6625,
      "mean_perturbed": 0.765,
      "mean_difference": -0.10249999999999998,
      "std_difference": 0.11146748404803979,
      "t_statistic": -1.8391013464666517,
      "p_value": 0.918408120732638,
      "cohens_d": -0.9195506732333257,
      "significant_at_0_05": 0,
      "memorization_strength": "none"
    }
  },
  "deepseekthink": {
    "asia": {
      "n": 4,
      "mean_original": 0.825,
      "mean_perturbed": 0.8325,
      "mean_difference": -0.007499999999999979,
      "std_difference": 0.07500000000000001,
      "t_statistic": -0.1999999999999994,
      "p_value": 0.5728648353768603,
      "cohens_d": -0.0999999999999997,
      "significant_at_0_05": 0,
      "memorization_strength": "none"
    },
    "cancer": {
      "n": 4,
      "mean_original": 0.875,
      "mean_perturbed": 0.8325,
      "mean_difference": 0.04250000000000001,
      "std_difference": 0.16499999999999998,
      "t_statistic": 0.5151515151515154,
      "p_value": 0.3210010575482134,
      "cohens_d": 0.2575757575757577,
      "significant_at_0_05": 0,
      "memorization_strength": "none"
    },
    "child": {
      "n": 4,
      "mean_original": 0.745,
      "mean_perturbed": 0.7825,
      "mean_difference": -0.037500000000000006,
      "std_difference": 0.08180260794538687,
      "t_statistic": -0.9168411849420691,
      "p_value": 0.7865818231115225,
      "cohens_d": -0.45842059247103456,
      "significant_at_0_05": 0,
      "memorization_strength": "none"
    },
    "earthquake": {
      "n": 4,
      "mean_original": 0.8325,
      "mean_perturbed": 0.765,
      "mean_difference": 0.0675,
      "std_difference": 0.06396613687465162,
      "t_statistic": 2.1104916850699724,
      "p_value": 0.06265426578011045,
      "cohens_d": 1.0552458425349862,
      "significant_at_0_05": 0,
      "memorization_strength": "weak"
    },
    "alarm": {
      "n": 4,
      "mean_original": 0.6875,
      "mean_perturbed": 0.8200000000000001,
      "mean_difference": -0.13250000000000003,
      "std_difference": 0.07932002689527193,
      "t_statistic": -3.3408964970458936,
      "p_value": 0.977821057202907,
      "cohens_d": -1.6704482485229468,
      "significant_at_0_05": 0,
      "memorization_strength": "none"
    },
    "sachs": {
      "n": 4,
      "mean_original": 0.6375,
      "mean_perturbed": 0.835,
      "mean_difference": -0.19749999999999998,
      "std_difference": 0.16276260831857753,
      "t_statistic": -2.4268473212647277,
      "p_value": 0.9532032424867357,
      "cohens_d": -1.2134236606323638,
      "significant_at_0_05": 0,
      "memorization_strength": "none"
    }
  },
  "claude": {
    "asia": {
      "n": 4,
      "mean_original": 0.4375,
      "mean_perturbed": 0.5,
      "mean_difference": -0.0625,
      "std_difference": 0.07500000000000001,
      "t_statistic": -1.6666666666666667,
      "p_value": 0.9029143271939708,
      "cohens_d": -0.8333333333333333,
      "significant_at_0_05": 0,
      "memorization_strength": "none"
    },
    "cancer": {
      "n": 4,
      "mean_original": 0.4,
      "mean_perturbed": 0.4775,
      "mean_difference": -0.07750000000000001,
      "std_difference": 0.3005966289453914,
      "t_statistic": -0.5156411784915873,
      "p_value": 0.679150830896816,
      "cohens_d": -0.25782058924579365,
      "significant_at_0_05": 0,
      "memorization_strength": "none"
    },
    "child": {
      "n": 4,
      "mean_original": 0.4425,
      "mean_perturbed": 0.46249999999999997,
      "mean_difference": -0.020000000000000018,
      "std_difference": 0.07702813338860895,
      "t_statistic": -0.519290786889499,
      "p_value": 0.6802814202263066,
      "cohens_d": -0.2596453934447495,
      "significant_at_0_05": 0,
      "memorization_strength": "none"
    },
    "earthquake": {
      "n": 4,
      "mean_original": 0.48,