{
  "dataset": "synthetic_30",
  "algorithm": "lingam",
  "aggregation_method": "mean of f1, f2, f3",
  "llm_estimates": {
    "claude": {
      "precision": {
        "lower": 0.2833333333333333,
        "upper": 0.55,
        "confidence": "high",
        "num_formulations": 3,
        "formulation_values": {
          "lowers": [
            0.3,
            0.3,
            0.25
          ],
          "uppers": [
            0.55,
            0.55,
            0.55
          ]
        }
      },
      "recall": {
        "lower": 0.2833333333333333,
        "upper": 0.5666666666666667,
        "confidence": "high",
        "num_formulations": 3,
        "formulation_values": {
          "lowers": [
            0.45,
            0.25,
            0.15
          ],
          "uppers": [
            0.75,
            0.5,
            0.45
          ]
        }
      },
      "f1": {
        "lower": 0.2833333333333333,
        "upper": 0.5166666666666666,
        "confidence": "high",
        "num_formulations": 3,
        "formulation_values": {
          "lowers": [
            0.38,
            0.27,
            0.2
          ],
          "uppers": [
            0.6,
            0.5,
            0.45
          ]
        }
      },
      "shd": {
        "lower": 36.666666666666664,
        "upper": 93.33333333333333,
        "confidence": "high",
        "num_formulations": 3,
        "formulation_values": {
          "lowers": [
            35.0,
            35.0,
            40.0
          ],
          "uppers": [
            85.0,
            75.0,
            120.0
          ]
        }
      }
    },
    "deepseek": {
      "precision": {
        "lower": 0.6666666666666666,
        "upper": 0.8166666666666667,
        "confidence": "high",
        "num_formulations": 3,
        "formulation_values": {
          "lowers": [
            0.7,
            0.55,
            0.75
          ],
          "uppers": [
            0.8,
            0.75,
            0.9
          ]
        }
      },
      "recall": {
        "lower": 0.6,
        "upper": 0.7666666666666666,
        "confidence": "high",
        "num_formulations": 3,
        "formulation_values": {
          "lowers": [
            0.65,
            0.5,
            0.65
          ],
          "uppers": [
            0.75,
            0.7,
            0.85
          ]
        }
      },
      "f1": {
        "lower": 0.6333333333333333,
        "upper": 0.7866666666666666,
        "confidence": "high",
        "num_formulations": 3,
        "formulation_values": {
          "lowers": [
            0.67,
            0.53,
            0.7
          ],
          "uppers": [
            0.77,
            0.72,
            0.87
          ]
        }
      },
      "shd": {
        "lower": 38.333333333333336,
        "upper": 63.333333333333336,
        "confidence": "high",
        "num_formulations": 3,
        "formulation_values": {
          "lowers": [
            80.0,
            20.0,
            15.0
          ],
          "uppers": [
            120.0,
            35.0,
            35.0
          ]
        }
      }
    },
    "deepseekthink": {
      "precision": {
        "lower": 0.7433333333333334,
        "upper": 0.9033333333333333,
        "confidence": "high",
        "num_formulations": 3,
        "formulation_values": {
          "lowers": [
            0.8,
            0.65,
            0.78
          ],
          "uppers": [
            0.95,
            0.8,
            0.96
          ]
        }
      },
      "recall": {
        "lower": 0.6766666666666666,
        "upper": 0.8433333333333334,
        "confidence": "high",
        "num_formulations": 3,
        "formulation_values": {
          "lowers": [
            0.75,
            0.6,
            0.68
          ],
          "uppers": [
            0.9,
            0.75,
            0.88
          ]
        }
      },
      "f1": {
        "lower": 0.7166666666666667,
        "upper": 0.86,
        "confidence": "high",
        "num_formulations": 3,
        "formulation_values": {
          "lowers": [
            0.77,
            0.65,
            0.73
          ],
          "uppers": [
            0.92,
            0.75,
            0.91
          ]
        }
      },
      "shd": {
        "lower": 11.666666666666666,
        "upper": 30.0,
        "confidence": "high",
        "num_formulations": 3,
        "formulation_values": {
          "lowers": [
            10.0,
            15.0,
            10.0
          ],
          "uppers": [
            30.0,
            30.0,
            30.0
          ]
        }
      }
    },
    "gemini3": {
      "precision": {
        "lower": 0.7833333333333333,
        "upper": 0.9166666666666666,
        "confidence": "high",
        "num_formulations": 3,
        "formulation_values": {
          "lowers": [
            0.75,
            0.75,
            0.85
          ],
          "uppers": [
            0.95,
            0.85,
            0.95
          ]
        }
      },
      "recall": {
        "lower": 0.7166666666666667,
        "upper": 0.8566666666666667,
        "confidence": "high",
        "num_formulations": 3,
        "formulation_values": {
          "lowers": [
            0.65,
            0.7,
            0.8
          ],
          "uppers": [
            0.85,
            0.8,
            0.92
          ]
        }
      },
      "f1": {
        "lower": 0.7466666666666666,
        "upper": 0.8833333333333333,
        "confidence": "high",
        "num_formulations": 3,
        "formulation_values": {
          "lowers": [
            0.7,
            0.72,
            0.82
          ],
          "uppers": [
            0.9,
            0.82,
            0.93
          ]
        }
      },
      "shd": {
        "lower": 5.666666666666667,
        "upper": 17.666666666666668,
        "confidence": "high",
        "num_formulations": 3,
        "formulation_values": {
          "lowers": [
            5.0,
            10.0,
            2.0
          ],
          "uppers": [
            20.0,
            25.0,
            8.0
          ]
        }
      }
    },
    "gpt5": {
      "precision": {
        "lower": 0.65,
        "upper": 0.8733333333333334,
        "confidence": "high",
        "num_formulations": 3,
        "formulation_values": {
          "lowers": [
            0.7,
            0.55,
            0.7
          ],
          "uppers": [
            0.9,
            0.8,
            0.92
          ]
        }
      },
      "recall": {
        "lower": 0.48333333333333334,
        "upper": 0.7566666666666667,
        "confidence": "high",
        "num_formulations": 3,
        "formulation_values": {
          "lowers": [
            0.55,
            0.35,
            0.55
          ],
          "uppers": [
            0.8,
            0.65,
            0.82
          ]
        }
      },
      "f1": {
        "lower": 0.5633333333333334,
        "upper": 0.8033333333333333,
        "confidence": "high",
        "num_formulations": 3,
        "formulation_values": {
          "lowers": [
            0.62,
            0.45,
            0.62
          ],
          "uppers": [
            0.85,
            0.7,
            0.86
          ]
        }
      },
      "shd": {
        "lower": 35.0,
        "upper": 93.33333333333333,
        "confidence": "high",
        "num_formulations": 3,
        "formulation_values": {
          "lowers": [
            20.0,
            60.0,
            25.0
          ],
          "uppers": [
            70.0,
            140.0,
            70.0
          ]
        }
      }
    },
    "llama": {
      "precision": {
        "lower": 0.6333333333333333,
        "upper": 0.8666666666666667,
        "confidence": "high",
        "num_formulations": 3,
        "formulation_values": {
          "lowers": [
            0.7,
            0.6,
            0.6
          ],