{
  "dataset": "child",
  "algorithm": "lingam",
  "aggregation_method": "mean of f1, f2, f3",
  "llm_estimates": {
    "claude": {
      "precision": {
        "lower": 0.16666666666666666,
        "upper": 0.3833333333333333,
        "confidence": "high",
        "num_formulations": 3,
        "formulation_values": {
          "lowers": [
            0.15,
            0.15,
            0.2
          ],
          "uppers": [
            0.35,
            0.35,
            0.45
          ]
        }
      },
      "recall": {
        "lower": 0.11666666666666667,
        "upper": 0.35,
        "confidence": "high",
        "num_formulations": 3,
        "formulation_values": {
          "lowers": [
            0.1,
            0.1,
            0.15
          ],
          "uppers": [
            0.3,
            0.3,
            0.45
          ]
        }
      },
      "f1": {
        "lower": 0.13999999999999999,
        "upper": 0.33999999999999997,
        "confidence": "high",
        "num_formulations": 3,
        "formulation_values": {
          "lowers": [
            0.12,
            0.12,
            0.18
          ],
          "uppers": [
            0.3,
            0.3,
            0.42
          ]
        }
      },
      "shd": {
        "lower": 26.666666666666668,
        "upper": 51.666666666666664,
        "confidence": "high",
        "num_formulations": 3,
        "formulation_values": {
          "lowers": [
            30.0,
            25.0,
            25.0
          ],
          "uppers": [
            55.0,
            50.0,
            50.0
          ]
        }
      }
    },
    "deepseek": {
      "precision": {
        "lower": 0.26666666666666666,
        "upper": 0.4666666666666667,
        "confidence": "high",
        "num_formulations": 3,
        "formulation_values": {
          "lowers": [
            0.15,
            0.1,
            0.55
          ],
          "uppers": [
            0.25,
            0.3,
            0.85
          ]
        }
      },
      "recall": {
        "lower": 0.23333333333333334,
        "upper": 0.43333333333333335,
        "confidence": "high",
        "num_formulations": 3,
        "formulation_values": {
          "lowers": [
            0.15,
            0.1,
            0.45
          ],
          "uppers": [
            0.25,
            0.3,
            0.75
          ]
        }
      },
      "f1": {
        "lower": 0.25,
        "upper": 0.45,
        "confidence": "high",
        "num_formulations": 3,
        "formulation_values": {
          "lowers": [
            0.15,
            0.1,
            0.5
          ],
          "uppers": [
            0.25,
            0.3,
            0.8
          ]
        }
      },
      "shd": {
        "lower": 33.333333333333336,
        "upper": 53.333333333333336,
        "confidence": "high",
        "num_formulations": 3,
        "formulation_values": {
          "lowers": [
            40.0,
            40.0,
            20.0
          ],
          "uppers": [
            60.0,
            60.0,
            40.0
          ]
        }
      }
    },
    "deepseekthink": {
      "precision": {
        "lower": 0.12666666666666668,
        "upper": 0.31666666666666665,
        "confidence": "high",
        "num_formulations": 3,
        "formulation_values": {
          "lowers": [
            0.2,
            0.1,
            0.08
          ],
          "uppers": [
            0.4,
            0.3,
            0.25
          ]
        }
      },
      "recall": {
        "lower": 0.11666666666666667,
        "upper": 0.3,
        "confidence": "high",
        "num_formulations": 3,
        "formulation_values": {
          "lowers": [
            0.15,
            0.1,
            0.1
          ],
          "uppers": [
            0.35,
            0.25,
            0.3
          ]
        }
      },
      "f1": {
        "lower": 0.12333333333333334,
        "upper": 0.30333333333333334,
        "confidence": "high",
        "num_formulations": 3,
        "formulation_values": {
          "lowers": [
            0.18,
            0.1,
            0.09
          ],
          "uppers": [
            0.37,
            0.27,
            0.27
          ]
        }
      },
      "shd": {
        "lower": 35.0,
        "upper": 71.66666666666667,
        "confidence": "high",
        "num_formulations": 3,
        "formulation_values": {
          "lowers": [
            35.0,
            30.0,
            40.0
          ],
          "uppers": [
            65.0,
            50.0,
            100.0
          ]
        }
      }
    },
    "gemini3": {
      "precision": {
        "lower": 0.016666666666666666,
        "upper": 0.11666666666666667,
        "confidence": "high",
        "num_formulations": 3,
        "formulation_values": {
          "lowers": [
            0.0,
            0.0,
            0.05
          ],
          "uppers": [
            0.1,
            0.1,
            0.15
          ]
        }
      },
      "recall": {
        "lower": 0.016666666666666666,
        "upper": 0.11666666666666667,
        "confidence": "high",
        "num_formulations": 3,
        "formulation_values": {
          "lowers": [
            0.0,
            0.0,
            0.05
          ],
          "uppers": [
            0.1,
            0.1,
            0.15
          ]
        }
      },
      "f1": {
        "lower": 0.016666666666666666,
        "upper": 0.11666666666666667,
        "confidence": "high",
        "num_formulations": 3,
        "formulation_values": {
          "lowers": [
            0.0,
            0.0,
            0.05
          ],
          "uppers": [
            0.1,
            0.1,
            0.15
          ]
        }
      },
      "shd": {
        "lower": 21.666666666666668,
        "upper": 36.666666666666664,
        "confidence": "high",
        "num_formulations": 3,
        "formulation_values": {
          "lowers": [
            20.0,
            20.0,
            25.0
          ],
          "uppers": [
            40.0,
            30.0,
            40.0
          ]
        }
      }
    },
    "gpt5": {
      "precision": {
        "lower": 0.06666666666666667,
        "upper": 0.2833333333333333,
        "confidence": "high",
        "num_formulations": 3,
        "formulation_values": {
          "lowers": [
            0.05,
            0.05,
            0.1
          ],
          "uppers": [
            0.25,
            0.25,
            0.35
          ]
        }
      },
      "recall": {
        "lower": 0.023333333333333334,
        "upper": 0.16666666666666666,
        "confidence": "high",
        "num_formulations": 3,
        "formulation_values": {
          "lowers": [
            0.0,
            0.02,
            0.05
          ],
          "uppers": [
            0.1,
            0.15,
            0.25
          ]
        }
      },
      "f1": {
        "lower": 0.03333333333333333,
        "upper": 0.20333333333333334,
        "confidence": "high",
        "num_formulations": 3,
        "formulation_values": {
          "lowers": [
            0.0,
            0.03,
            0.07
          ],
          "uppers": [
            0.15,
            0.18,
            0.28
          ]
        }
      },
      "shd": {
        "lower": 35.0,
        "upper": 76.66666666666667,
        "confidence": "high",
        "num_formulations": 3,
        "formulation_values": {
          "lowers": [
            35.0,
            30.0,
            40.0
          ],
          "uppers": [
            70.0,
            80.0,
            80.0
          ]
        }
      }
    },
    "llama": {
      "precision": {
        "lower": 0.6666666666666666,
        "upper": 0.9,
        "confidence": "high",
        "num_formulations": 3,
        "formulation_values": {
          "lowers": [
            0.7,
            0.7,
            0.6
          ],