{
  "dataset": "sachs",
  "algorithm": "pc",
  "aggregation_method": "mean of f1, f2, f3",
  "llm_estimates": {
    "claude": {
      "precision": {
        "lower": 0.21666666666666667,
        "upper": 0.45,
        "confidence": "high",
        "num_formulations": 3,
        "formulation_values": {
          "lowers": [
            0.25,
            0.2,
            0.2
          ],
          "uppers": [
            0.5,
            0.4,
            0.45
          ]
        }
      },
      "recall": {
        "lower": 0.16666666666666666,
        "upper": 0.4166666666666667,
        "confidence": "high",
        "num_formulations": 3,
        "formulation_values": {
          "lowers": [
            0.2,
            0.15,
            0.15
          ],
          "uppers": [
            0.45,
            0.35,
            0.45
          ]
        }
      },
      "f1": {
        "lower": 0.19333333333333333,
        "upper": 0.4,
        "confidence": "high",
        "num_formulations": 3,
        "formulation_values": {
          "lowers": [
            0.22,
            0.18,
            0.18
          ],
          "uppers": [
            0.45,
            0.35,
            0.4
          ]
        }
      },
      "shd": {
        "lower": 16.666666666666668,
        "upper": 30.333333333333332,
        "confidence": "high",
        "num_formulations": 3,
        "formulation_values": {
          "lowers": [
            15.0,
            20.0,
            15.0
          ],
          "uppers": [
            28.0,
            35.0,
            28.0
          ]
        }
      }
    },
    "deepseek": {
      "precision": {
        "lower": 0.48333333333333334,
        "upper": 0.7166666666666667,
        "confidence": "high",
        "num_formulations": 3,
        "formulation_values": {
          "lowers": [
            0.5,
            0.5,
            0.45
          ],
          "uppers": [
            0.7,
            0.7,
            0.75
          ]
        }
      },
      "recall": {
        "lower": 0.43333333333333335,
        "upper": 0.6666666666666666,
        "confidence": "high",
        "num_formulations": 3,
        "formulation_values": {
          "lowers": [
            0.4,
            0.55,
            0.35
          ],
          "uppers": [
            0.6,
            0.75,
            0.65
          ]
        }
      },
      "f1": {
        "lower": 0.45666666666666667,
        "upper": 0.69,
        "confidence": "high",
        "num_formulations": 3,
        "formulation_values": {
          "lowers": [
            0.45,
            0.52,
            0.4
          ],
          "uppers": [
            0.65,
            0.72,
            0.7
          ]
        }
      },
      "shd": {
        "lower": 12.666666666666666,
        "upper": 24.0,
        "confidence": "high",
        "num_formulations": 3,
        "formulation_values": {
          "lowers": [
            15.0,
            10.0,
            13.0
          ],
          "uppers": [
            25.0,
            20.0,
            27.0
          ]
        }
      }
    },
    "deepseekthink": {
      "precision": {
        "lower": 0.59,
        "upper": 0.76,
        "confidence": "high",
        "num_formulations": 3,
        "formulation_values": {
          "lowers": [
            0.55,
            0.62,
            0.6
          ],
          "uppers": [
            0.7,
            0.78,
            0.8
          ]
        }
      },
      "recall": {
        "lower": 0.5066666666666667,
        "upper": 0.6766666666666666,
        "confidence": "high",
        "num_formulations": 3,
        "formulation_values": {
          "lowers": [
            0.5,
            0.52,
            0.5
          ],
          "uppers": [
            0.65,
            0.68,
            0.7
          ]
        }
      },
      "f1": {
        "lower": 0.5466666666666666,
        "upper": 0.7133333333333334,
        "confidence": "high",
        "num_formulations": 3,
        "formulation_values": {
          "lowers": [
            0.52,
            0.57,
            0.55
          ],
          "uppers": [
            0.67,
            0.72,
            0.75
          ]
        }
      },
      "shd": {
        "lower": 9.666666666666666,
        "upper": 16.0,
        "confidence": "high",
        "num_formulations": 3,
        "formulation_values": {
          "lowers": [
            10.0,
            9.0,
            10.0
          ],
          "uppers": [
            15.0,
            13.0,
            20.0
          ]
        }
      }
    },
    "gemini3": {
      "precision": {
        "lower": 0.35,
        "upper": 0.5833333333333334,
        "confidence": "high",
        "num_formulations": 3,
        "formulation_values": {
          "lowers": [
            0.35,
            0.35,
            0.35
          ],
          "uppers": [
            0.55,
            0.55,
            0.65
          ]
        }
      },
      "recall": {
        "lower": 0.3,
        "upper": 0.5333333333333333,
        "confidence": "high",
        "num_formulations": 3,
        "formulation_values": {
          "lowers": [
            0.3,
            0.3,
            0.3
          ],
          "uppers": [
            0.5,
            0.5,
            0.6
          ]
        }
      },
      "f1": {
        "lower": 0.35,
        "upper": 0.5166666666666667,
        "confidence": "high",
        "num_formulations": 3,
        "formulation_values": {
          "lowers": [
            0.35,
            0.35,
            0.35
          ],
          "uppers": [
            0.5,
            0.5,
            0.55
          ]
        }
      },
      "shd": {
        "lower": 10.0,
        "upper": 19.333333333333332,
        "confidence": "high",
        "num_formulations": 3,
        "formulation_values": {
          "lowers": [
            10.0,
            10.0,
            10.0
          ],
          "uppers": [
            18.0,
            20.0,
            20.0
          ]
        }
      }
    },
    "gpt5": {
      "precision": {
        "lower": 0.55,
        "upper": 0.8166666666666667,
        "confidence": "high",
        "num_formulations": 3,
        "formulation_values": {
          "lowers": [
            0.55,
            0.55,
            0.55
          ],
          "uppers": [
            0.8,
            0.8,
            0.85
          ]
        }
      },
      "recall": {
        "lower": 0.35,
        "upper": 0.6666666666666666,
        "confidence": "high",
        "num_formulations": 3,
        "formulation_values": {
          "lowers": [
            0.35,
            0.35,
            0.35
          ],
          "uppers": [
            0.65,
            0.65,
            0.7
          ]
        }
      },
      "f1": {
        "lower": 0.45,
        "upper": 0.7166666666666667,
        "confidence": "high",
        "num_formulations": 3,
        "formulation_values": {
          "lowers": [
            0.45,
            0.45,
            0.45
          ],
          "uppers": [
            0.7,
            0.7,
            0.75
          ]
        }
      },
      "shd": {
        "lower": 8.666666666666666,
        "upper": 22.333333333333332,
        "confidence": "high",
        "num_formulations": 3,
        "formulation_values": {
          "lowers": [
            10.0,
            8.0,
            8.0
          ],
          "uppers": [
            25.0,
            20.0,
            22.0
          ]
        }
      }
    },
    "llama": {
      "precision": {
        "lower": 0.6566666666666666,
        "upper": 0.89,
        "confidence": "high",
        "num_formulations": 3,
        "formulation_values": {
          "lowers": [
            0.62,
            0.7,
            0.65
          ],
          "uppers": [
            0.82,
            0.9,
            0.95
          ]
        }
      },
      "recall": {
        "lower": 0.6266666666666666,