{
  "dataset": "survey",
  "algorithm": "fci",
  "aggregation_method": "mean of f1, f2, f3",
  "llm_estimates": {
    "claude": {
      "precision": {
        "lower": 0.3,
        "upper": 0.5833333333333334,
        "confidence": "high",
        "num_formulations": 3,
        "formulation_values": {
          "lowers": [
            0.3,
            0.3,
            0.3
          ],
          "uppers": [
            0.6,
            0.55,
            0.6
          ]
        }
      },
      "recall": {
        "lower": 0.23333333333333334,
        "upper": 0.5333333333333333,
        "confidence": "high",
        "num_formulations": 3,
        "formulation_values": {
          "lowers": [
            0.25,
            0.25,
            0.2
          ],
          "uppers": [
            0.55,
            0.5,
            0.55
          ]
        }
      },
      "f1": {
        "lower": 0.26333333333333336,
        "upper": 0.5333333333333333,
        "confidence": "high",
        "num_formulations": 3,
        "formulation_values": {
          "lowers": [
            0.27,
            0.27,
            0.25
          ],
          "uppers": [
            0.55,
            0.5,
            0.55
          ]
        }
      },
      "shd": {
        "lower": 4.333333333333333,
        "upper": 10.666666666666666,
        "confidence": "high",
        "num_formulations": 3,
        "formulation_values": {
          "lowers": [
            4.0,
            5.0,
            4.0
          ],
          "uppers": [
            10.0,
            12.0,
            10.0
          ]
        }
      }
    },
    "deepseek": {
      "precision": {
        "lower": 0.6333333333333333,
        "upper": 0.8166666666666667,
        "confidence": "high",
        "num_formulations": 3,
        "formulation_values": {
          "lowers": [
            0.65,
            0.65,
            0.6
          ],
          "uppers": [
            0.85,
            0.8,
            0.8
          ]
        }
      },
      "recall": {
        "lower": 0.5833333333333334,
        "upper": 0.75,
        "confidence": "high",
        "num_formulations": 3,
        "formulation_values": {
          "lowers": [
            0.6,
            0.75,
            0.4
          ],
          "uppers": [
            0.8,
            0.85,
            0.6
          ]
        }
      },
      "f1": {
        "lower": 0.6066666666666667,
        "upper": 0.7799999999999999,
        "confidence": "high",
        "num_formulations": 3,
        "formulation_values": {
          "lowers": [
            0.62,
            0.7,
            0.5
          ],
          "uppers": [
            0.82,
            0.82,
            0.7
          ]
        }
      },
      "shd": {
        "lower": 5.666666666666667,
        "upper": 12.666666666666666,
        "confidence": "high",
        "num_formulations": 3,
        "formulation_values": {
          "lowers": [
            5.0,
            4.0,
            8.0
          ],
          "uppers": [
            15.0,
            8.0,
            15.0
          ]
        }
      }
    },
    "deepseekthink": {
      "precision": {
        "lower": 0.69,
        "upper": 0.89,
        "confidence": "high",
        "num_formulations": 3,
        "formulation_values": {
          "lowers": [
            0.65,
            0.7,
            0.72
          ],
          "uppers": [
            0.85,
            0.9,
            0.92
          ]
        }
      },
      "recall": {
        "lower": 0.5866666666666667,
        "upper": 0.8133333333333334,
        "confidence": "high",
        "num_formulations": 3,
        "formulation_values": {
          "lowers": [
            0.6,
            0.6,
            0.56
          ],
          "uppers": [
            0.8,
            0.8,
            0.84
          ]
        }
      },
      "f1": {
        "lower": 0.6366666666666667,
        "upper": 0.85,
        "confidence": "high",
        "num_formulations": 3,
        "formulation_values": {
          "lowers": [
            0.63,
            0.65,
            0.63
          ],
          "uppers": [
            0.82,
            0.85,
            0.88
          ]
        }
      },
      "shd": {
        "lower": 2.3333333333333335,
        "upper": 6.0,
        "confidence": "high",
        "num_formulations": 3,
        "formulation_values": {
          "lowers": [
            3.0,
            2.0,
            2.0
          ],
          "uppers": [
            7.0,
            6.0,
            5.0
          ]
        }
      }
    },
    "gemini3": {
      "precision": {
        "lower": 0.6,
        "upper": 0.8666666666666667,
        "confidence": "high",
        "num_formulations": 3,
        "formulation_values": {
          "lowers": [
            0.6,
            0.75,
            0.45
          ],
          "uppers": [
            0.85,
            0.9,
            0.85
          ]
        }
      },
      "recall": {
        "lower": 0.5,
        "upper": 0.7666666666666666,
        "confidence": "high",
        "num_formulations": 3,
        "formulation_values": {
          "lowers": [
            0.5,
            0.7,
            0.3
          ],
          "uppers": [
            0.75,
            0.85,
            0.7
          ]
        }
      },
      "f1": {
        "lower": 0.5666666666666667,
        "upper": 0.7833333333333333,
        "confidence": "high",
        "num_formulations": 3,
        "formulation_values": {
          "lowers": [
            0.55,
            0.75,
            0.4
          ],
          "uppers": [
            0.75,
            0.85,
            0.75
          ]
        }
      },
      "shd": {
        "lower": 1.6666666666666667,
        "upper": 5.666666666666667,
        "confidence": "high",
        "num_formulations": 3,
        "formulation_values": {
          "lowers": [
            2.0,
            1.0,
            2.0
          ],
          "uppers": [
            6.0,
            3.0,
            8.0
          ]
        }
      }
    },
    "gpt5": {
      "precision": {
        "lower": 0.6,
        "upper": 0.8666666666666667,
        "confidence": "high",
        "num_formulations": 3,
        "formulation_values": {
          "lowers": [
            0.55,
            0.55,
            0.7
          ],
          "uppers": [
            0.85,
            0.8,
            0.95
          ]
        }
      },
      "recall": {
        "lower": 0.45,
        "upper": 0.7666666666666666,
        "confidence": "high",
        "num_formulations": 3,
        "formulation_values": {
          "lowers": [
            0.35,
            0.45,
            0.55
          ],
          "uppers": [
            0.7,
            0.75,
            0.85
          ]
        }
      },
      "f1": {
        "lower": 0.5233333333333333,
        "upper": 0.8,
        "confidence": "high",
        "num_formulations": 3,
        "formulation_values": {
          "lowers": [
            0.45,
            0.5,
            0.62
          ],
          "uppers": [
            0.75,
            0.77,
            0.88
          ]
        }
      },
      "shd": {
        "lower": 1.3333333333333333,
        "upper": 7.333333333333333,
        "confidence": "high",
        "num_formulations": 3,
        "formulation_values": {
          "lowers": [
            2.0,
            1.0,
            1.0
          ],
          "uppers": [
            10.0,
            6.0,
            6.0
          ]
        }
      }
    },
    "llama": {
      "precision": {
        "lower": 0.7333333333333333,
        "upper": 0.9333333333333333,
        "confidence": "high",
        "num_formulations": 3,
        "formulation_values": {
          "lowers": [
            0.8,
            0.7,
            0.7
          ],
          "uppers": [
            0.95,
            0.9,
            0.95
          ]
        }
      },