{
  "dataset": "synthetic_30",
  "algorithm": "pc",
  "aggregation_method": "mean of f1, f2, f3",
  "llm_estimates": {
    "claude": {
      "precision": {
        "lower": 0.27666666666666667,
        "upper": 0.5066666666666667,
        "confidence": "high",
        "num_formulations": 3,
        "formulation_values": {
          "lowers": [
            0.3,
            0.35,
            0.18
          ],
          "uppers": [
            0.55,
            0.55,
            0.42
          ]
        }
      },
      "recall": {
        "lower": 0.18333333333333335,
        "upper": 0.4166666666666667,
        "confidence": "high",
        "num_formulations": 3,
        "formulation_values": {
          "lowers": [
            0.2,
            0.25,
            0.1
          ],
          "uppers": [
            0.45,
            0.45,
            0.35
          ]
        }
      },
      "f1": {
        "lower": 0.22333333333333336,
        "upper": 0.44,
        "confidence": "high",
        "num_formulations": 3,
        "formulation_values": {
          "lowers": [
            0.25,
            0.28,
            0.14
          ],
          "uppers": [
            0.48,
            0.48,
            0.36
          ]
        }
      },
      "shd": {
        "lower": 41.666666666666664,
        "upper": 96.66666666666667,
        "confidence": "high",
        "num_formulations": 3,
        "formulation_values": {
          "lowers": [
            40.0,
            40.0,
            45.0
          ],
          "uppers": [
            90.0,
            80.0,
            120.0
          ]
        }
      }
    },
    "deepseek": {
      "precision": {
        "lower": 0.5666666666666667,
        "upper": 0.7666666666666667,
        "confidence": "high",
        "num_formulations": 3,
        "formulation_values": {
          "lowers": [
            0.55,
            0.65,
            0.5
          ],
          "uppers": [
            0.75,
            0.75,
            0.8
          ]
        }
      },
      "recall": {
        "lower": 0.5666666666666667,
        "upper": 0.75,
        "confidence": "high",
        "num_formulations": 3,
        "formulation_values": {
          "lowers": [
            0.65,
            0.6,
            0.45
          ],
          "uppers": [
            0.85,
            0.7,
            0.7
          ]
        }
      },
      "f1": {
        "lower": 0.5633333333333334,
        "upper": 0.7566666666666667,
        "confidence": "high",
        "num_formulations": 3,
        "formulation_values": {
          "lowers": [
            0.6,
            0.62,
            0.47
          ],
          "uppers": [
            0.8,
            0.72,
            0.75
          ]
        }
      },
      "shd": {
        "lower": 15.0,
        "upper": 38.333333333333336,
        "confidence": "high",
        "num_formulations": 3,
        "formulation_values": {
          "lowers": [
            20.0,
            15.0,
            10.0
          ],
          "uppers": [
            40.0,
            25.0,
            50.0
          ]
        }
      }
    },
    "deepseekthink": {
      "precision": {
        "lower": 0.6666666666666666,
        "upper": 0.8033333333333333,
        "confidence": "high",
        "num_formulations": 3,
        "formulation_values": {
          "lowers": [
            0.72,
            0.6,
            0.68
          ],
          "uppers": [
            0.88,
            0.75,
            0.78
          ]
        }
      },
      "recall": {
        "lower": 0.6533333333333333,
        "upper": 0.7899999999999999,
        "confidence": "high",
        "num_formulations": 3,
        "formulation_values": {
          "lowers": [
            0.65,
            0.58,
            0.73
          ],
          "uppers": [
            0.82,
            0.72,
            0.83
          ]
        }
      },
      "f1": {
        "lower": 0.6566666666666666,
        "upper": 0.7933333333333333,
        "confidence": "high",
        "num_formulations": 3,
        "formulation_values": {
          "lowers": [
            0.68,
            0.59,
            0.7
          ],
          "uppers": [
            0.85,
            0.73,
            0.8
          ]
        }
      },
      "shd": {
        "lower": 16.0,
        "upper": 28.666666666666668,
        "confidence": "high",
        "num_formulations": 3,
        "formulation_values": {
          "lowers": [
            12.0,
            16.0,
            20.0
          ],
          "uppers": [
            28.0,
            28.0,
            30.0
          ]
        }
      }
    },
    "gemini3": {
      "precision": {
        "lower": 0.7333333333333333,
        "upper": 0.8666666666666667,
        "confidence": "high",
        "num_formulations": 3,
        "formulation_values": {
          "lowers": [
            0.7,
            0.75,
            0.75
          ],
          "uppers": [
            0.85,
            0.85,
            0.9
          ]
        }
      },
      "recall": {
        "lower": 0.6833333333333333,
        "upper": 0.8166666666666667,
        "confidence": "high",
        "num_formulations": 3,
        "formulation_values": {
          "lowers": [
            0.65,
            0.7,
            0.7
          ],
          "uppers": [
            0.8,
            0.8,
            0.85
          ]
        }
      },
      "f1": {
        "lower": 0.7066666666666667,
        "upper": 0.8366666666666667,
        "confidence": "high",
        "num_formulations": 3,
        "formulation_values": {
          "lowers": [
            0.68,
            0.72,
            0.72
          ],
          "uppers": [
            0.82,
            0.82,
            0.87
          ]
        }
      },
      "shd": {
        "lower": 10.0,
        "upper": 21.666666666666668,
        "confidence": "high",
        "num_formulations": 3,
        "formulation_values": {
          "lowers": [
            10.0,
            15.0,
            5.0
          ],
          "uppers": [
            25.0,
            25.0,
            15.0
          ]
        }
      }
    },
    "gpt5": {
      "precision": {
        "lower": 0.7,
        "upper": 0.89,
        "confidence": "high",
        "num_formulations": 3,
        "formulation_values": {
          "lowers": [
            0.7,
            0.65,
            0.75
          ],
          "uppers": [
            0.9,
            0.85,
            0.92
          ]
        }
      },
      "recall": {
        "lower": 0.5333333333333333,
        "upper": 0.7766666666666667,
        "confidence": "high",
        "num_formulations": 3,
        "formulation_values": {
          "lowers": [
            0.55,
            0.5,
            0.55
          ],
          "uppers": [
            0.8,
            0.75,
            0.78
          ]
        }
      },
      "f1": {
        "lower": 0.6133333333333333,
        "upper": 0.83,
        "confidence": "high",
        "num_formulations": 3,
        "formulation_values": {
          "lowers": [
            0.62,
            0.58,
            0.64
          ],
          "uppers": [
            0.85,
            0.8,
            0.84
          ]
        }
      },
      "shd": {
        "lower": 21.0,
        "upper": 58.333333333333336,
        "confidence": "high",
        "num_formulations": 3,
        "formulation_values": {
          "lowers": [
            20.0,
            25.0,
            18.0
          ],
          "uppers": [
            60.0,
            70.0,
            45.0
          ]
        }
      }
    },
    "llama": {
      "precision": {
        "lower": 0.7,
        "upper": 0.9,
        "confidence": "high",
        "num_formulations": 3,
        "formulation_values": {
          "lowers": [
            0.7,
            0.7,
            0.7
          ],