{
  "dataset": "barley",
  "algorithm": "pc",
  "n_runs": 5,
  "results": {
    "precision": {
      "mean": 0.2791504329004329,
      "std": 0.03524357960727621,
      "ci_95_lower": 0.25441558441558443,
      "ci_95_upper": 0.3071428571428571,
      "median": 0.28125,
      "min": 0.24545454545454545,
      "max": 0.3333333333333333,
      "n_runs": 5
    },
    "recall": {
      "mean": 0.6571428571428571,
      "std": 0.01304101327393248,
      "ci_95_lower": 0.6476190476190476,
      "ci_95_upper": 0.6666666666666666,
      "median": 0.6666666666666666,
      "min": 0.6428571428571429,
      "max": 0.6666666666666666,
      "n_runs": 5
    },
    "f1": {
      "mean": 0.39092966276032637,
      "std": 0.03522522892628223,
      "ci_95_lower": 0.36582067817765757,
      "ci_95_upper": 0.4193939393939393,
      "median": 0.391304347826087,
      "min": 0.3552631578947368,
      "max": 0.4444444444444444,
      "n_runs": 5
    },
    "shd": {
      "mean": 228.8,
      "std": 23.09112383579457,
      "ci_95_lower": 212.0,
      "ci_95_upper": 245.6,
      "median": 224.0,
      "min": 196.0,
      "max": 252.0,
      "n_runs": 5
    }
  }
}