{
  "dataset": "barley",
  "algorithm": "lingam",
  "n_runs": 5,
  "results": {
    "precision": {
      "mean": 0.11797962966458006,
      "std": 0.005473247444538658,
      "ci_95_lower": 0.11360153850925898,
      "ci_95_upper": 0.12212710396049146,
      "median": 0.12040133779264214,
      "min": 0.1111111111111111,
      "max": 0.12371134020618557,
      "n_runs": 5
    },
    "recall": {
      "mean": 0.4238095238095238,
      "std": 0.021626073957839227,
      "ci_95_lower": 0.40714285714285714,
      "ci_95_upper": 0.4404761904761905,
      "median": 0.42857142857142855,
      "min": 0.39285714285714285,
      "max": 0.4523809523809524,
      "n_runs": 5
    },
    "f1": {
      "mean": 0.18455414384009677,
      "std": 0.008430739455234648,
      "ci_95_lower": 0.17784757119561992,
      "ci_95_upper": 0.19097221853193994,
      "median": 0.18798955613577026,
      "min": 0.1732283464566929,
      "max": 0.19199999999999998,
      "n_runs": 5
    },
    "shd": {
      "mean": 314.6,
      "std": 8.049844718999243,
      "ci_95_lower": 308.2,
      "ci_95_upper": 320.6,
      "median": 315.0,
      "min": 303.0,
      "max": 323.0,
      "n_runs": 5
    }
  }
}