{
  "dataset": "barley",
  "algorithm": "notears",
  "n_runs": 5,
  "results": {
    "precision": {
      "mean": 0.13525333740987436,
      "std": 0.02214940483375689,
      "ci_95_lower": 0.11770557554115028,
      "ci_95_upper": 0.15280109927859842,
      "median": 0.13414634146341464,
      "min": 0.11016949152542373,
      "max": 0.16,
      "n_runs": 5
    },
    "recall": {
      "mean": 0.1380952380952381,
      "std": 0.010647942749998996,
      "ci_95_lower": 0.13095238095238096,
      "ci_95_upper": 0.14761904761904762,
      "median": 0.13095238095238096,
      "min": 0.13095238095238096,
      "max": 0.15476190476190477,
      "n_runs": 5
    },
    "f1": {
      "mean": 0.13554347549688336,
      "std": 0.010914517580657696,
      "ci_95_lower": 0.12742937485842804,
      "ci_95_upper": 0.14376103240269217,
      "median": 0.13253012048192772,
      "min": 0.12359550561797754,
      "max": 0.15094339622641512,
      "n_runs": 5
    },
    "shd": {
      "mean": 148.8,
      "std": 17.711578134090704,
      "ci_95_lower": 136.0,
      "ci_95_upper": 163.4,
      "median": 144.0,
      "min": 133.0,
      "max": 176.0,
      "n_runs": 5
    }
  }
}