{
  "dataset": "alarm",
  "algorithm": "pc",
  "n_runs": 100,
  "results": {
    "precision": {
      "mean": 0.2770546234030437,
      "std": 0.01741439703298466,
      "ci_95_lower": 0.2736040057527208,
      "ci_95_upper": 0.28051893500878805,
      "median": 0.27702702702702703,
      "min": 0.23809523809523808,
      "max": 0.32786885245901637,
      "n_runs": 100
    },
    "recall": {
      "mean": 0.8741304347826088,
      "std": 0.021023577155972764,
      "ci_95_lower": 0.8699999999999999,
      "ci_95_upper": 0.8782608695652172,
      "median": 0.8695652173913043,
      "min": 0.8260869565217391,
      "max": 0.9130434782608695,
      "n_runs": 100
    },
    "f1": {
      "mean": 0.42036768735491725,
      "std": 0.019758034118613942,
      "ci_95_lower": 0.41653798029346417,
      "ci_95_upper": 0.4241929294773758,
      "median": 0.42105263157894735,
      "min": 0.37383177570093457,
      "max": 0.4761904761904761,
      "n_runs": 100
    },
    "shd": {
      "mean": 151.53,
      "std": 9.91423321301351,
      "ci_95_lower": 149.64,
      "ci_95_upper": 153.49025,
      "median": 152.0,
      "min": 128.0,
      "max": 175.0,
      "n_runs": 100
    }
  }
}