{
  "dataset": "alarm",
  "algorithm": "fci",
  "n_runs": 100,
  "results": {
    "precision": {
      "mean": 0.2861139890654325,
      "std": 0.017070715138540773,
      "ci_95_lower": 0.28266461913205404,
      "ci_95_upper": 0.2894308233460847,
      "median": 0.2857142857142857,
      "min": 0.25,
      "max": 0.32786885245901637,
      "n_runs": 100
    },
    "recall": {
      "mean": 0.8710869565217392,
      "std": 0.02146400341839868,
      "ci_95_lower": 0.8669510869565213,
      "ci_95_upper": 0.8752173913043478,
      "median": 0.8695652173913043,
      "min": 0.8260869565217391,
      "max": 0.9130434782608695,
      "n_runs": 100
    },
    "f1": {
      "mean": 0.43037610232066265,
      "std": 0.019066551978959036,
      "ci_95_lower": 0.4266492214180404,
      "ci_95_upper": 0.43410293112615456,
      "median": 0.43084323712507067,
      "min": 0.38613861386138615,
      "max": 0.4761904761904761,
      "n_runs": 100
    },
    "shd": {
      "mean": 146.51,
      "std": 9.157979354562109,
      "ci_95_lower": 144.77975,
      "ci_95_upper": 148.29,
      "median": 147.0,
      "min": 128.0,
      "max": 169.0,
      "n_runs": 100
    }
  }
}