{
  "dataset": "alarm",
  "algorithm": "notears",
  "n_runs": 100,
  "results": {
    "precision": {
      "mean": 0.4900101457004156,
      "std": 0.06590106851487454,
      "ci_95_lower": 0.47698631740994973,
      "ci_95_upper": 0.5029297592911404,
      "median": 0.5,
      "min": 0.35,
      "max": 0.6129032258064516,
      "n_runs": 100
    },
    "recall": {
      "mean": 0.3010869565217391,
      "std": 0.10360844584036019,
      "ci_95_lower": 0.2810869565217391,
      "ci_95_upper": 0.32130978260869564,
      "median": 0.30434782608695654,
      "min": 0.15217391304347827,
      "max": 0.4782608695652174,
      "n_runs": 100
    },
    "f1": {
      "mean": 0.3661296911785661,
      "std": 0.09283413864384484,
      "ci_95_lower": 0.3479764586408869,
      "ci_95_upper": 0.3840185908916749,
      "median": 0.3835616438356165,
      "min": 0.21212121212121213,
      "max": 0.5185185185185185,
      "n_runs": 100
    },
    "shd": {
      "mean": 46.24,
      "std": 3.7661973427108713,
      "ci_95_lower": 45.51,
      "ci_95_upper": 46.97,
      "median": 46.0,
      "min": 39.0,
      "max": 57.0,
      "n_runs": 100
    }
  }
}