{
  "dataset": "alarm",
  "algorithm": "lingam",
  "n_runs": 100,
  "results": {
    "precision": {
      "mean": 0.06480417340553077,
      "std": 0.006867359263120797,
      "ci_95_lower": 0.06347747134866824,
      "ci_95_upper": 0.0661758090004237,
      "median": 0.06569343065693431,
      "min": 0.0472972972972973,
      "max": 0.08870967741935484,
      "n_runs": 100
    },
    "recall": {
      "mean": 0.18695652173913044,
      "std": 0.020024616803123407,
      "ci_95_lower": 0.18304347826086953,
      "ci_95_upper": 0.1908695652173913,
      "median": 0.1956521739130435,
      "min": 0.15217391304347827,
      "max": 0.2391304347826087,
      "n_runs": 100
    },
    "f1": {
      "mean": 0.09618810699073663,
      "std": 0.0099474479994784,
      "ci_95_lower": 0.09425180280893608,
      "ci_95_upper": 0.09811918767545287,
      "median": 0.09836065573770492,
      "min": 0.07216494845360824,
      "max": 0.12941176470588237,
      "n_runs": 100
    },
    "shd": {
      "mean": 161.69,
      "std": 7.272051104930937,
      "ci_95_lower": 160.23,
      "ci_95_upper": 163.12,
      "median": 162.0,
      "min": 146.0,
      "max": 182.0,
      "n_runs": 100
    }
  }
}