{
  "dataset": "asia",
  "algorithm": "lingam",
  "n_runs": 100,
  "results": {
    "precision": {
      "mean": 0.26386247086247083,
      "std": 0.04502692479174255,
      "ci_95_lower": 0.255059324009324,
      "ci_95_upper": 0.27243948135198137,
      "median": 0.2727272727272727,
      "min": 0.16666666666666666,
      "max": 0.36363636363636365,
      "n_runs": 100
    },
    "recall": {
      "mean": 0.3625,
      "std": 0.05476072838939759,
      "ci_95_lower": 0.35125,
      "ci_95_upper": 0.3725,
      "median": 0.375,
      "min": 0.25,
      "max": 0.5,
      "n_runs": 100
    },
    "f1": {
      "mean": 0.3049986731534719,
      "std": 0.04820454429567764,
      "ci_95_lower": 0.2956470182809966,
      "ci_95_upper": 0.31421328320801994,
      "median": 0.3157894736842105,
      "min": 0.2,
      "max": 0.4210526315789474,
      "n_runs": 100
    },
    "shd": {
      "mean": 13.26,
      "std": 1.2359922199094813,
      "ci_95_lower": 13.02,
      "ci_95_upper": 13.5,
      "median": 13.0,
      "min": 11.0,
      "max": 16.0,
      "n_runs": 100
    }
  }
}