{
  "dataset": "asia",
  "algorithm": "notears",
  "n_runs": 100,
  "results": {
    "precision": {
      "mean": 0.24643253968253964,
      "std": 0.11378962873988484,
      "ci_95_lower": 0.22371339285714284,
      "ci_95_upper": 0.2682540674603174,
      "median": 0.25,
      "min": 0.0,
      "max": 0.42857142857142855,
      "n_runs": 100
    },
    "recall": {
      "mean": 0.25,
      "std": 0.11514154661795957,
      "ci_95_lower": 0.2275,
      "ci_95_upper": 0.27125,
      "median": 0.25,
      "min": 0.0,
      "max": 0.375,
      "n_runs": 100
    },
    "f1": {
      "mean": 0.2476454248366013,
      "std": 0.11339659541784505,
      "ci_95_lower": 0.22506474673202614,
      "ci_95_upper": 0.26927622549019603,
      "median": 0.25,
      "min": 0.0,
      "max": 0.39999999999999997,
      "n_runs": 100
    },
    "shd": {
      "mean": 12.1,
      "std": 1.8006732747570402,
      "ci_95_lower": 11.75,
      "ci_95_upper": 12.45,
      "median": 12.0,
      "min": 9.0,
      "max": 16.0,
      "n_runs": 100
    }
  }
}