{
  "dataset": "asia",
  "algorithm": "fci",
  "n_runs": 100,
  "results": {
    "precision": {
      "mean": 0.4744345238095239,
      "std": 0.037102969630812555,
      "ci_95_lower": 0.46708333333333335,
      "ci_95_upper": 0.48151785714285716,
      "median": 0.5,
      "min": 0.375,
      "max": 0.5,
      "n_runs": 100
    },
    "recall": {
      "mean": 0.7775,
      "std": 0.07234352672206311,
      "ci_95_lower": 0.76375,
      "ci_95_upper": 0.79125,
      "median": 0.75,
      "min": 0.625,
      "max": 1.0,
      "n_runs": 100
    },
    "f1": {
      "mean": 0.587560606060606,
      "std": 0.03823794325240677,
      "ci_95_lower": 0.5798332070707071,
      "ci_95_upper": 0.5948488636363636,
      "median": 0.6,
      "min": 0.5,
      "max": 0.6666666666666666,
      "n_runs": 100
    },
    "shd": {
      "mean": 14.96,
      "std": 1.1799674708750376,
      "ci_95_lower": 14.74,
      "ci_95_upper": 15.2,
      "median": 15.0,
      "min": 13.0,
      "max": 18.0,
      "n_runs": 100
    }
  }
}