{
  "dataset": "cancer",
  "algorithm": "notears",
  "n_runs": 100,
  "results": {
    "precision": {
      "mean": 0.17766666666666658,
      "std": 0.19040125389810544,
      "ci_95_lower": 0.1406666666666667,
      "ci_95_upper": 0.214,
      "median": 0.0,
      "min": 0.0,
      "max": 0.5,
      "n_runs": 100
    },
    "recall": {
      "mean": 0.16,
      "std": 0.18640674544520847,
      "ci_95_lower": 0.125,
      "ci_95_upper": 0.1975,
      "median": 0.0,
      "min": 0.0,
      "max": 0.5,
      "n_runs": 100
    },
    "f1": {
      "mean": 0.16642857142857143,
      "std": 0.1845052280051348,
      "ci_95_lower": 0.1311904761904762,
      "ci_95_upper": 0.2027003968253968,
      "median": 0.0,
      "min": 0.0,
      "max": 0.5,
      "n_runs": 100
    },
    "shd": {
      "mean": 6.33,
      "std": 1.589453879910844,
      "ci_95_lower": 6.02,
      "ci_95_upper": 6.64,
      "median": 7.0,
      "min": 4.0,
      "max": 9.0,
      "n_runs": 100
    }
  }
}