{
  "dataset": "cancer",
  "algorithm": "lingam",
  "n_runs": 100,
  "results": {
    "precision": {
      "mean": 0.4668333333333334,
      "std": 0.05833910505356745,
      "ci_95_lower": 0.45516249999999997,
      "ci_95_upper": 0.47783333333333333,
      "median": 0.5,
      "min": 0.25,
      "max": 0.5,
      "n_runs": 100
    },
    "recall": {
      "mean": 0.4825,
      "std": 0.0641080999940607,
      "ci_95_lower": 0.47,
      "ci_95_upper": 0.495,
      "median": 0.5,
      "min": 0.25,
      "max": 0.5,
      "n_runs": 100
    },
    "f1": {
      "mean": 0.47308730158730156,
      "std": 0.05810325585941403,
      "ci_95_lower": 0.4610946428571428,
      "ci_95_upper": 0.4836507936507936,
      "median": 0.5,
      "min": 0.25,
      "max": 0.5,
      "n_runs": 100
    },
    "shd": {
      "mean": 4.29,
      "std": 0.49838121792844325,
      "ci_95_lower": 4.2,
      "ci_95_upper": 4.39,
      "median": 4.0,
      "min": 4.0,
      "max": 6.0,
      "n_runs": 100
    }
  }
}