{
  "dataset": "cancer",
  "algorithm": "pc",
  "n_runs": 100,
  "results": {
    "precision": {
      "mean": 0.47650000000000003,
      "std": 0.047071655385600576,
      "ci_95_lower": 0.4669145833333333,
      "ci_95_upper": 0.4853333333333334,
      "median": 0.5,
      "min": 0.3333333333333333,
      "max": 0.5,
      "n_runs": 100
    },
    "recall": {
      "mean": 0.9925,
      "std": 0.04286165199944132,
      "ci_95_lower": 0.9825,
      "ci_95_upper": 1.0,
      "median": 1.0,
      "min": 0.75,
      "max": 1.0,
      "n_runs": 100
    },
    "f1": {
      "mean": 0.6424285714285713,
      "std": 0.048169473946662704,
      "ci_95_lower": 0.6326666666666667,
      "ci_95_upper": 0.6514761904761905,
      "median": 0.6666666666666666,
      "min": 0.5,
      "max": 0.6666666666666666,
      "n_runs": 100
    },
    "shd": {
      "mean": 8.45,
      "std": 0.9782999065065411,
      "ci_95_lower": 8.27,
      "ci_95_upper": 8.65,
      "median": 8.0,
      "min": 7.0,
      "max": 12.0,
      "n_runs": 100
    }
  }
}