{
  "dataset": "child",
  "algorithm": "notears",
  "n_runs": 100,
  "results": {
    "precision": {
      "mean": 0.42553464570980387,
      "std": 0.06918589401100893,
      "ci_95_lower": 0.4122510550723319,
      "ci_95_upper": 0.43908920930211515,
      "median": 0.424812030075188,
      "min": 0.2727272727272727,
      "max": 0.6,
      "n_runs": 100
    },
    "recall": {
      "mean": 0.2696,
      "std": 0.038400336698860595,
      "ci_95_lower": 0.26200000000000007,
      "ci_95_upper": 0.2772,
      "median": 0.24,
      "min": 0.2,
      "max": 0.32,
      "n_runs": 100
    },
    "f1": {
      "mean": 0.3253905183260543,
      "std": 0.028245877451177837,
      "ci_95_lower": 0.3198085344662948,
      "ci_95_upper": 0.33067206798312776,
      "median": 0.3333333333333333,
      "min": 0.24390243902439027,
      "max": 0.39024390243902435,
      "n_runs": 100
    },
    "shd": {
      "mean": 27.88,
      "std": 2.6903493821397615,
      "ci_95_lower": 27.36,
      "ci_95_upper": 28.4,
      "median": 27.5,
      "min": 23.0,
      "max": 35.0,
      "n_runs": 100
    }
  }
}