{
  "dataset": "child",
  "algorithm": "lingam",
  "n_runs": 100,
  "results": {
    "precision": {
      "mean": 0.16907036135378672,
      "std": 0.008088982159656838,
      "ci_95_lower": 0.16747015624757045,
      "ci_95_upper": 0.17064948140849195,
      "median": 0.16883116883116883,
      "min": 0.15,
      "max": 0.1891891891891892,
      "n_runs": 100
    },
    "recall": {
      "mean": 0.5192000000000001,
      "std": 0.031644489842210105,
      "ci_95_lower": 0.5132,
      "ci_95_upper": 0.5252000000000001,
      "median": 0.52,
      "min": 0.44,
      "max": 0.6,
      "n_runs": 100
    },
    "f1": {
      "mean": 0.254902948972296,
      "std": 0.011252293259285232,
      "ci_95_lower": 0.25270190040916596,
      "ci_95_upper": 0.25704937643322656,
      "median": 0.25490196078431376,
      "min": 0.22680412371134018,
      "max": 0.2828282828282828,
      "n_runs": 100
    },
    "shd": {
      "mean": 75.9,
      "std": 3.769896711067985,
      "ci_95_lower": 75.18,
      "ci_95_upper": 76.64,
      "median": 76.0,
      "min": 68.0,
      "max": 85.0,
      "n_runs": 100
    }
  }
}