{
  "dataset": "child",
  "algorithm": "pc",
  "n_runs": 100,
  "results": {
    "precision": {
      "mean": 0.28503690407315996,
      "std": 0.018834862713882787,
      "ci_95_lower": 0.2814832894493032,
      "ci_95_upper": 0.28868990265728084,
      "median": 0.2804878048780488,
      "min": 0.23469387755102042,
      "max": 0.32857142857142857,
      "n_runs": 100
    },
    "recall": {
      "mean": 0.9200000000000002,
      "std": 1.1158161231197418e-16,
      "ci_95_lower": 0.9200000000000002,
      "ci_95_upper": 0.9200000000000002,
      "median": 0.92,
      "min": 0.92,
      "max": 0.92,
      "n_runs": 100
    },
    "f1": {
      "mean": 0.43489076498194107,
      "std": 0.0219113416101217,
      "ci_95_lower": 0.43064763675795426,
      "ci_95_upper": 0.43912984468049543,
      "median": 0.4299065420560748,
      "min": 0.37398373983739835,
      "max": 0.4842105263157895,
      "n_runs": 100
    },
    "shd": {
      "mean": 83.04,
      "std": 5.352088235899002,
      "ci_95_lower": 82.02,
      "ci_95_upper": 84.08,
      "median": 84.0,
      "min": 72.0,
      "max": 100.0,
      "n_runs": 100
    }
  }
}