{
  "dataset": "child",
  "algorithm": "fci",
  "n_runs": 100,
  "results": {
    "precision": {
      "mean": 0.28864079249008684,
      "std": 0.017672142300763277,
      "ci_95_lower": 0.2853299133903163,
      "ci_95_upper": 0.2921026592680305,
      "median": 0.2875,
      "min": 0.23958333333333334,
      "max": 0.32857142857142857,
      "n_runs": 100
    },
    "recall": {
      "mean": 0.9200000000000002,
      "std": 1.1158161231197418e-16,
      "ci_95_lower": 0.9200000000000002,
      "ci_95_upper": 0.9200000000000002,
      "median": 0.92,
      "min": 0.92,
      "max": 0.92,
      "n_runs": 100
    },
    "f1": {
      "mean": 0.43912245181207055,
      "std": 0.02045191282857544,
      "ci_95_lower": 0.4352135100216936,
      "ci_95_upper": 0.4430624975066025,
      "median": 0.4380952380952381,
      "min": 0.38016528925619836,
      "max": 0.4842105263157895,
      "n_runs": 100
    },
    "shd": {
      "mean": 81.98,
      "std": 4.9030602688525065,
      "ci_95_lower": 81.04,
      "ci_95_upper": 82.94,
      "median": 82.0,
      "min": 72.0,
      "max": 98.0,
      "n_runs": 100
    }
  }
}