{
  "dataset": "earthquake",
  "algorithm": "lingam",
  "n_runs": 100,
  "results": {
    "precision": {
      "mean": 0.16780952380952377,
      "std": 0.019861403925803874,
      "ci_95_lower": 0.16395238095238096,
      "ci_95_upper": 0.17180952380952383,
      "median": 0.16666666666666666,
      "min": 0.14285714285714285,
      "max": 0.2,
      "n_runs": 100
    },
    "recall": {
      "mean": 0.25,
      "std": 0.0,
      "ci_95_lower": 0.25,
      "ci_95_upper": 0.25,
      "median": 0.25,
      "min": 0.25,
      "max": 0.25,
      "n_runs": 100
    },
    "f1": {
      "mean": 0.20016161616161618,
      "std": 0.014018972308768833,
      "ci_95_lower": 0.19739343434343432,
      "ci_95_upper": 0.202949494949495,
      "median": 0.2,
      "min": 0.18181818181818182,
      "max": 0.22222222222222224,
      "n_runs": 100
    },
    "shd": {
      "mean": 8.04,
      "std": 0.6951491374031353,
      "ci_95_lower": 7.91,
      "ci_95_upper": 8.18,
      "median": 8.0,
      "min": 7.0,
      "max": 9.0,
      "n_runs": 100
    }
  }
}