{
  "dataset": "earthquake",
  "algorithm": "fci",
  "n_runs": 100,
  "results": {
    "precision": {
      "mean": 0.35371428571428576,
      "std": 0.05487140066437718,
      "ci_95_lower": 0.34321369047619044,
      "ci_95_upper": 0.36478571428571427,
      "median": 0.3333333333333333,
      "min": 0.25,
      "max": 0.5,
      "n_runs": 100
    },
    "recall": {
      "mean": 1.0,
      "std": 0.0,
      "ci_95_lower": 1.0,
      "ci_95_upper": 1.0,
      "median": 1.0,
      "min": 1.0,
      "max": 1.0,
      "n_runs": 100
    },
    "f1": {
      "mean": 0.5202063492063492,
      "std": 0.059326155723475694,
      "ci_95_lower": 0.508602380952381,
      "ci_95_upper": 0.5317460317460317,
      "median": 0.5,
      "min": 0.4,
      "max": 0.6666666666666666,
      "n_runs": 100
    },
    "shd": {
      "mean": 11.58,
      "std": 1.8044837533659361,
      "ci_95_lower": 11.24,
      "ci_95_upper": 11.94,
      "median": 12.0,
      "min": 8.0,
      "max": 16.0,
      "n_runs": 100
    }
  }
}