{
  "dataset": "earthquake",
  "algorithm": "pc",
  "n_runs": 100,
  "results": {
    "precision": {
      "mean": 0.3530476190476191,
      "std": 0.05470811085184166,
      "ci_95_lower": 0.3426904761904762,
      "ci_95_upper": 0.36397619047619045,
      "median": 0.3333333333333333,
      "min": 0.25,
      "max": 0.5,
      "n_runs": 100
    },
    "recall": {
      "mean": 1.0,
      "std": 0.0,
      "ci_95_lower": 1.0,
      "ci_95_upper": 1.0,
      "median": 1.0,
      "min": 1.0,
      "max": 1.0,
      "n_runs": 100
    },
    "f1": {
      "mean": 0.5194920634920634,
      "std": 0.05913289626349233,
      "ci_95_lower": 0.507920238095238,
      "ci_95_upper": 0.5310321428571427,
      "median": 0.5,
      "min": 0.4,
      "max": 0.6666666666666666,
      "n_runs": 100
    },
    "shd": {
      "mean": 11.6,
      "std": 1.797866299901979,
      "ci_95_lower": 11.26,
      "ci_95_upper": 11.96,
      "median": 12.0,
      "min": 8.0,
      "max": 16.0,
      "n_runs": 100
    }
  }
}