{
  "dataset": "earthquake",
  "algorithm": "notears",
  "n_runs": 100,
  "results": {
    "precision": {
      "mean": 0.22799999999999998,
      "std": 0.16822303617218987,
      "ci_95_lower": 0.19399999999999998,
      "ci_95_upper": 0.25999999999999995,
      "median": 0.2,
      "min": 0.0,
      "max": 0.4,
      "n_runs": 100
    },
    "recall": {
      "mean": 0.285,
      "std": 0.2102787952152373,
      "ci_95_lower": 0.2425,
      "ci_95_upper": 0.325,
      "median": 0.25,
      "min": 0.0,
      "max": 0.5,
      "n_runs": 100
    },
    "f1": {
      "mean": 0.25333333333333335,
      "std": 0.18691448463576657,
      "ci_95_lower": 0.2177777777777778,
      "ci_95_upper": 0.2888888888888889,
      "median": 0.22222222222222224,
      "min": 0.0,
      "max": 0.4444444444444445,
      "n_runs": 100
    },
    "shd": {
      "mean": 6.72,
      "std": 1.6822303617218983,
      "ci_95_lower": 6.4,
      "ci_95_upper": 7.04,
      "median": 7.0,
      "min": 5.0,
      "max": 9.0,
      "n_runs": 100
    }
  }
}