{
  "dataset": "hepar2",
  "algorithm": "lingam",
  "n_runs": 100,
  "results": {
    "precision": {
      "mean": 0.20643598429552384,
      "std": 0.014167213403741967,
      "ci_95_lower": 0.20364133671141513,
      "ci_95_upper": 0.20920414145090643,
      "median": 0.20634920634920634,
      "min": 0.1791044776119403,
      "max": 0.24390243902439024,
      "n_runs": 100
    },
    "recall": {
      "mean": 0.3126829268292683,
      "std": 0.010927218363380122,
      "ci_95_lower": 0.3105691056910569,
      "ci_95_upper": 0.31479674796747964,
      "median": 0.3170731707317073,
      "min": 0.2926829268292683,
      "max": 0.3333333333333333,
      "n_runs": 100
    },
    "f1": {
      "mean": 0.24844568755970997,
      "std": 0.011972774483950238,
      "ci_95_lower": 0.2460873622369855,
      "ci_95_upper": 0.250800308073901,
      "median": 0.24838682819199867,
      "min": 0.2222222222222222,
      "max": 0.2808219178082192,
      "n_runs": 100
    },
    "shd": {
      "mean": 233.08,
      "std": 11.857470048859325,
      "ci_95_lower": 230.8,
      "ci_95_upper": 235.39,
      "median": 234.0,
      "min": 207.0,
      "max": 263.0,
      "n_runs": 100
    }
  }
}