{
  "dataset": "hepar2",
  "algorithm": "fci",
  "n_runs": 50,
  "results": {
    "precision": {
      "mean": 0.14238194751260473,
      "std": 0.03184521977451263,
      "ci_95_lower": 0.13364211840521947,
      "ci_95_upper": 0.1519047362184026,
      "median": 0.13820411793611742,
      "min": 0.09784560143626571,
      "max": 0.2149083321845713,
      "n_runs": 50
    },
    "recall": {
      "mean": 0.7422764227642277,
      "std": 0.02691784410821154,
      "ci_95_lower": 0.7346113821138211,
      "ci_95_upper": 0.7498373983739837,
      "median": 0.7398373983739838,
      "min": 0.6910569105691057,
      "max": 0.7983739837398374,
      "n_runs": 50
    },
    "f1": {
      "mean": 0.23790488211450913,
      "std": 0.03827661459384721,
      "ci_95_lower": 0.22746191584712643,
      "ci_95_upper": 0.2487741183629548,
      "median": 0.2319082174412194,
      "min": 0.18277461539178422,
      "max": 0.3218457710431187,
      "n_runs": 50
    },
    "shd": {
      "mean": 612.84,
      "std": 118.43759210428146,
      "ci_95_lower": 580.114,
      "ci_95_upper": 645.337,
      "median": 624.0,
      "min": 402.0,
      "max": 781.0,
      "n_runs": 50
    }
  }
}
