{
  "dataset": "hepar2",
  "algorithm": "notears",
  "n_runs": 50,
  "results": {
    "precision": {
      "mean": 0.2313232957059044,
      "std": 0.0685793950027638,
      "ci_95_lower": 0.2120238827681569,
      "ci_95_upper": 0.24993177245472303,
      "median": 0.24621212121212122,
      "min": 0.1,
      "max": 0.3684210526315789,
      "n_runs": 50
    },
    "recall": {
      "mean": 0.03447154471544715,
      "std": 0.018911156735932747,
      "ci_95_lower": 0.029268292682926834,
      "ci_95_upper": 0.03967479674796748,
      "median": 0.032520325203252036,
      "min": 0.008130081300813009,
      "max": 0.07317073170731707,
      "n_runs": 50
    },
    "f1": {
      "mean": 0.05933466337239365,
      "std": 0.0304508223371607,
      "ci_95_lower": 0.05087861590450503,
      "ci_95_upper": 0.06767159939142986,
      "median": 0.05755395683453238,
      "min": 0.015037593984962407,
      "max": 0.11538461538461536,
      "n_runs": 50
    },
    "shd": {
      "mean": 131.58,
      "std": 2.2775747932341344,
      "ci_95_lower": 130.98,
      "ci_95_upper": 132.24,
      "median": 131.0,
      "min": 128.0,
      "max": 140.0,
      "n_runs": 50
    }
  }
}