{
  "dataset": "hepar2",
  "algorithm": "lingam",
  "n_runs": 50,
  "results": {
    "precision": {
      "mean": 0.20585138657689733,
      "std": 0.011915850788220952,
      "ci_95_lower": 0.202525447290993,
      "ci_95_upper": 0.20914218115106933,
      "median": 0.2039317973240593,
      "min": 0.17903930131004367,
      "max": 0.22950819672131148,
      "n_runs": 50
    },
    "recall": {
      "mean": 0.32325203252032525,
      "std": 0.012676203158784899,
      "ci_95_lower": 0.31983739837398373,
      "ci_95_upper": 0.32666666666666666,
      "median": 0.3252032520325203,
      "min": 0.2926829268292683,
      "max": 0.34959349593495936,
      "n_runs": 50
    },
    "f1": {
      "mean": 0.2512942018596276,
      "std": 0.010395602809380159,
      "ci_95_lower": 0.24840750676949702,
      "ci_95_upper": 0.2541318226101503,
      "median": 0.25076452599388377,
      "min": 0.23170731707317074,
      "max": 0.27450980392156865,
      "n_runs": 50
    },
    "shd": {
      "mean": 237.18,
      "std": 11.302320513044737,
      "ci_95_lower": 234.1,
      "ci_95_upper": 240.34,
      "median": 236.5,
      "min": 213.0,
      "max": 270.0,
      "n_runs": 50
    }
  }
}