{
  "dataset": "hepar2",
  "algorithm": "pc",
  "n_runs": 50,
  "results": {
    "precision": {
      "mean": 0.1745708760701763,
      "std": 0.0375677734757498,
      "ci_95_lower": 0.16461785512234234,
      "ci_95_upper": 0.18512210817045394,
      "median": 0.16177265844689595,
      "min": 0.1282420749279539,
      "max": 0.2785234899328859,
      "n_runs": 50
    },
    "recall": {
      "mean": 0.7089430894308945,
      "std": 0.022219659082124258,
      "ci_95_lower": 0.7027642276422764,
      "ci_95_upper": 0.7149593495934959,
      "median": 0.7073170731707317,
      "min": 0.6585365853658537,
      "max": 0.7479674796747967,
      "n_runs": 50
    },
    "f1": {
      "mean": 0.2778202497997377,
      "std": 0.045750474490840326,
      "ci_95_lower": 0.26549238546391696,
      "ci_95_upper": 0.29060571069194746,
      "median": 0.2638700612600461,
      "min": 0.2178702570379437,
      "max": 0.39429928741092635,
      "n_runs": 50
    },
    "shd": {
      "mean": 558.04,
      "std": 109.52512711422779,
      "ci_95_lower": 528.36,
      "ci_95_upper": 588.461,
      "median": 571.5,
      "min": 338.0,
      "max": 728.0,
      "n_runs": 50
    }
  }
}