{
  "dataset": "hepar2",
  "algorithm": "pc",
  "n_runs": 100,
  "results": {
    "precision": {
      "mean": 0.17317855306444216,
      "std": 0.03678170521273661,
      "ci_95_lower": 0.16625813218697022,
      "ci_95_upper": 0.18050811161303773,
      "median": 0.16268939393939394,
      "min": 0.12607449856733524,
      "max": 0.2730263157894737,
      "n_runs": 100
    },
    "recall": {
      "mean": 0.7043089430894309,
      "std": 0.02480162769014329,
      "ci_95_lower": 0.6995121951219511,
      "ci_95_upper": 0.7092682926829268,
      "median": 0.7073170731707317,
      "min": 0.6341463414634146,
      "max": 0.7804878048780488,
      "n_runs": 100
    },
    "f1": {
      "mean": 0.2755847274251479,
      "std": 0.044191910326885374,
      "ci_95_lower": 0.2669417132587345,
      "ci_95_upper": 0.28434161859836765,
      "median": 0.26470975889726833,
      "min": 0.21419676214196762,
      "max": 0.38875878220140514,
      "n_runs": 100
    },
    "shd": {
      "mean": 559.29,
      "std": 108.79526644114623,
      "ci_95_lower": 538.0397499999999,
      "ci_95_upper": 580.2005,
      "median": 579.5,
      "min": 344.0,
      "max": 751.0,
      "n_runs": 100
    }
  }
}