{
  "dataset": "insurance",
  "algorithm": "notears",
  "n_runs": 100,
  "results": {
    "precision": {
      "mean": 0.25870401831456336,
      "std": 0.03087711126818299,
      "ci_95_lower": 0.2526236013926746,
      "ci_95_upper": 0.2644673408921014,
      "median": 0.25925925925925924,
      "min": 0.16666666666666666,
      "max": 0.3103448275862069,
      "n_runs": 100
    },
    "recall": {
      "mean": 0.11942307692307694,
      "std": 0.024492792776117243,
      "ci_95_lower": 0.11442307692307693,
      "ci_95_upper": 0.12403846153846157,
      "median": 0.11538461538461539,
      "min": 0.057692307692307696,
      "max": 0.17307692307692307,
      "n_runs": 100
    },
    "f1": {
      "mean": 0.1628001893870804,
      "std": 0.028239083088621282,
      "ci_95_lower": 0.15706590393995437,
      "ci_95_upper": 0.16822608612835277,
      "median": 0.16108108108108107,
      "min": 0.08571428571428573,
      "max": 0.2222222222222222,
      "n_runs": 100
    },
    "shd": {
      "mean": 63.42,
      "std": 1.6341061869728755,
      "ci_95_lower": 63.11,
      "ci_95_upper": 63.74,
      "median": 63.0,
      "min": 61.0,
      "max": 68.0,
      "n_runs": 100
    }
  }
}