{
  "dataset": "insurance",
  "algorithm": "lingam",
  "n_runs": 100,
  "results": {
    "precision": {
      "mean": 0.17247965711039334,
      "std": 0.007887648589059812,
      "ci_95_lower": 0.17095592653282188,
      "ci_95_upper": 0.1740016573490699,
      "median": 0.17229961178351222,
      "min": 0.1566265060240964,
      "max": 0.1984732824427481,
      "n_runs": 100
    },
    "recall": {
      "mean": 0.49749999999999994,
      "std": 0.014111832089173815,
      "ci_95_lower": 0.4948076923076923,
      "ci_95_upper": 0.5001923076923077,
      "median": 0.5,
      "min": 0.46153846153846156,
      "max": 0.5384615384615384,
      "n_runs": 100
    },
    "f1": {
      "mean": 0.25606921376872765,
      "std": 0.00965162919456044,
      "ci_95_lower": 0.2542334284273094,
      "ci_95_upper": 0.25799125443338095,
      "median": 0.25615763546798026,
      "min": 0.23414634146341465,
      "max": 0.28415300546448086,
      "n_runs": 100
    },
    "shd": {
      "mean": 150.47,
      "std": 6.08102696005279,
      "ci_95_lower": 149.25975,
      "ci_95_upper": 151.66,
      "median": 150.5,
      "min": 131.0,
      "max": 166.0,
      "n_runs": 100
    }
  }
}