{
  "dataset": "insurance",
  "algorithm": "pc",
  "n_runs": 100,
  "results": {
    "precision": {
      "mean": 0.30415035819853264,
      "std": 0.017278114496173922,
      "ci_95_lower": 0.30081106811669367,
      "ci_95_upper": 0.3075604911114422,
      "median": 0.30272911051212936,
      "min": 0.265625,
      "max": 0.3431372549019608,
      "n_runs": 100
    },
    "recall": {
      "mean": 0.6550000000000001,
      "std": 0.023324878716231102,
      "ci_95_lower": 0.6503846153846154,
      "ci_95_upper": 0.6594230769230772,
      "median": 0.6538461538461539,
      "min": 0.5961538461538461,
      "max": 0.7115384615384616,
      "n_runs": 100
    },
    "f1": {
      "mean": 0.41503809516711987,
      "std": 0.01717339557245742,
      "ci_95_lower": 0.4117695322047399,
      "ci_95_upper": 0.41843525505459256,
      "median": 0.4135670731707317,
      "min": 0.37777777777777777,
      "max": 0.4545454545454546,
      "n_runs": 100
    },
    "shd": {
      "mean": 130.26,
      "std": 6.711395405042701,
      "ci_95_lower": 128.94,
      "ci_95_upper": 131.59,
      "median": 130.5,
      "min": 117.0,
      "max": 146.0,
      "n_runs": 100
    }
  }
}