{
  "dataset": "insurance",
  "algorithm": "fci",
  "n_runs": 100,
  "results": {
    "precision": {
      "mean": 0.3131077094140299,
      "std": 0.017417049758042678,
      "ci_95_lower": 0.3096693574634901,
      "ci_95_upper": 0.3166351197164559,
      "median": 0.3113207547169811,
      "min": 0.275,
      "max": 0.35714285714285715,
      "n_runs": 100
    },
    "recall": {
      "mean": 0.6503846153846154,
      "std": 0.0234143933823746,
      "ci_95_lower": 0.6457692307692308,
      "ci_95_upper": 0.6550000000000001,
      "median": 0.6538461538461539,
      "min": 0.5961538461538461,
      "max": 0.7115384615384616,
      "n_runs": 100
    },
    "f1": {
      "mean": 0.4223861657203244,
      "std": 0.017586063890689427,
      "ci_95_lower": 0.4190117491003065,
      "ci_95_upper": 0.4259077760543969,
      "median": 0.41975308641975306,
      "min": 0.3837209302325582,
      "max": 0.46835443037974683,
      "n_runs": 100
    },
    "shd": {
      "mean": 126.48,
      "std": 6.082729318290923,
      "ci_95_lower": 125.29,
      "ci_95_upper": 127.66,
      "median": 126.0,
      "min": 115.0,
      "max": 139.0,
      "n_runs": 100
    }
  }
}