{
  "dataset": "sachs",
  "algorithm": "pc",
  "n_runs": 100,
  "results": {
    "precision": {
      "mean": 0.3273749209409964,
      "std": 0.019252071854254548,
      "ci_95_lower": 0.3236133912521498,
      "ci_95_upper": 0.33110376512551143,
      "median": 0.32608695652173914,
      "min": 0.2826086956521739,
      "max": 0.375,
      "n_runs": 100
    },
    "recall": {
      "mean": 0.8511764705882353,
      "std": 0.03872690040077708,
      "ci_95_lower": 0.8435294117647057,
      "ci_95_upper": 0.8588235294117647,
      "median": 0.8823529411764706,
      "min": 0.7647058823529411,
      "max": 0.8823529411764706,
      "n_runs": 100
    },
    "f1": {
      "mean": 0.47248515813332664,
      "std": 0.022414058277922567,
      "ci_95_lower": 0.468140020233768,
      "ci_95_upper": 0.4766932192165209,
      "median": 0.4745762711864407,
      "min": 0.4126984126984127,
      "max": 0.5263157894736842,
      "n_runs": 100
    },
    "shd": {
      "mean": 46.85,
      "std": 2.5951586627504075,
      "ci_95_lower": 46.35,
      "ci_95_upper": 47.36,
      "median": 47.0,
      "min": 41.0,
      "max": 54.0,
      "n_runs": 100
    }
  }
}