{
  "dataset": "sachs",
  "algorithm": "fci",
  "n_runs": 100,
  "results": {
    "precision": {
      "mean": 0.3278089977337689,
      "std": 0.019316212366591718,
      "ci_95_lower": 0.32405143931202285,
      "ci_95_upper": 0.33154738077759394,
      "median": 0.32608695652173914,
      "min": 0.2826086956521739,
      "max": 0.375,
      "n_runs": 100
    },
    "recall": {
      "mean": 0.8511764705882353,
      "std": 0.03872690040077708,
      "ci_95_lower": 0.8435294117647057,
      "ci_95_upper": 0.8588235294117647,
      "median": 0.8823529411764706,
      "min": 0.7647058823529411,
      "max": 0.8823529411764706,
      "n_runs": 100
    },
    "f1": {
      "mean": 0.4729449114021936,
      "std": 0.02256870999221262,
      "ci_95_lower": 0.46850914553081835,
      "ci_95_upper": 0.47715727395522123,
      "median": 0.4753833736884584,
      "min": 0.4126984126984127,
      "max": 0.5263157894736842,
      "n_runs": 100
    },
    "shd": {
      "mean": 46.79,
      "std": 2.575310121562493,
      "ci_95_lower": 46.299749999999996,
      "ci_95_upper": 47.3,
      "median": 47.0,
      "min": 41.0,
      "max": 54.0,
      "n_runs": 100
    }
  }
}