{
  "dataset": "sachs",
  "algorithm": "lingam",
  "n_runs": 100,
  "results": {
    "precision": {
      "mean": 0.3428386284084954,
      "std": 0.031005741757355827,
      "ci_95_lower": 0.3367467453103809,
      "ci_95_upper": 0.3487751211735907,
      "median": 0.3448275862068966,
      "min": 0.26666666666666666,
      "max": 0.41379310344827586,
      "n_runs": 100
    },
    "recall": {
      "mean": 0.5711764705882353,
      "std": 0.0680751907029932,
      "ci_95_lower": 0.558235294117647,
      "ci_95_upper": 0.5847058823529412,
      "median": 0.5882352941176471,
      "min": 0.47058823529411764,
      "max": 0.7058823529411765,
      "n_runs": 100
    },
    "f1": {
      "mean": 0.42797136860760504,
      "std": 0.04126680584777351,
      "ci_95_lower": 0.4199312796288103,
      "ci_95_upper": 0.4360206092142658,
      "median": 0.4220682830282038,
      "min": 0.3404255319148936,
      "max": 0.5217391304347826,
      "n_runs": 100
    },
    "shd": {
      "mean": 25.89,
      "std": 1.8416889481718084,
      "ci_95_lower": 25.53,
      "ci_95_upper": 26.25,
      "median": 26.0,
      "min": 22.0,
      "max": 31.0,
      "n_runs": 100
    }
  }
}