{
  "dataset": "sachs",
  "algorithm": "notears",
  "n_runs": 100,
  "results": {
    "precision": {
      "mean": 0.138015873015873,
      "std": 0.11253366817690731,
      "ci_95_lower": 0.11599156746031745,
      "ci_95_upper": 0.1598809523809524,
      "median": 0.2222222222222222,
      "min": 0.0,
      "max": 0.3333333333333333,
      "n_runs": 100
    },
    "recall": {
      "mean": 0.06823529411764705,
      "std": 0.05528261217070286,
      "ci_95_lower": 0.057058823529411766,
      "ci_95_upper": 0.0788235294117647,
      "median": 0.11764705882352941,
      "min": 0.0,
      "max": 0.11764705882352941,
      "n_runs": 100
    },
    "f1": {
      "mean": 0.09116989966555183,
      "std": 0.07384278558310191,
      "ci_95_lower": 0.07687428093645485,
      "ci_95_upper": 0.10552930602006685,
      "median": 0.15384615384615383,
      "min": 0.0,
      "max": 0.1739130434782609,
      "n_runs": 100
    },
    "shd": {
      "mean": 22.92,
      "std": 1.7389187398606019,
      "ci_95_lower": 22.58,
      "ci_95_upper": 23.26,
      "median": 22.0,
      "min": 19.0,
      "max": 26.0,
      "n_runs": 100
    }
  }
}