{
  "dataset": "survey",
  "algorithm": "lingam",
  "n_runs": 100,
  "results": {
    "precision": {
      "mean": 0.7974285714285714,
      "std": 0.09764026799237052,
      "ci_95_lower": 0.7788571428571427,
      "ci_95_upper": 0.8167619047619046,
      "median": 0.8,
      "min": 0.5714285714285714,
      "max": 1.0,
      "n_runs": 100
    },
    "recall": {
      "mean": 0.6666666666666669,
      "std": 2.2316322462394835e-16,
      "ci_95_lower": 0.6666666666666669,
      "ci_95_upper": 0.6666666666666669,
      "median": 0.6666666666666666,
      "min": 0.6666666666666666,
      "max": 0.6666666666666666,
      "n_runs": 100
    },
    "f1": {
      "mean": 0.7235804195804199,
      "std": 0.040019012982866045,
      "ci_95_lower": 0.7157016317016318,
      "ci_95_upper": 0.731516083916084,
      "median": 0.7272727272727272,
      "min": 0.6153846153846153,
      "max": 0.8,
      "n_runs": 100
    },
    "shd": {
      "mean": 3.09,
      "std": 0.6210938542262157,
      "ci_95_lower": 2.97,
      "ci_95_upper": 3.21,
      "median": 3.0,
      "min": 2.0,
      "max": 5.0,
      "n_runs": 100
    }
  }
}