{
  "dataset": "survey",
  "algorithm": "notears",
  "n_runs": 100,
  "results": {
    "precision": {
      "mean": 0.23483333333333334,
      "std": 0.18378571367815438,
      "ci_95_lower": 0.19866666666666663,
      "ci_95_upper": 0.27067083333333325,
      "median": 0.3333333333333333,
      "min": 0.0,
      "max": 0.5,
      "n_runs": 100
    },
    "recall": {
      "mean": 0.14666666666666667,
      "std": 0.12818337033709337,
      "ci_95_lower": 0.12166666666666666,
      "ci_95_upper": 0.17166666666666663,
      "median": 0.16666666666666666,
      "min": 0.0,
      "max": 0.3333333333333333,
      "n_runs": 100
    },
    "f1": {
      "mean": 0.17840404040404045,
      "std": 0.14771193676135816,
      "ci_95_lower": 0.14908989898989897,
      "ci_95_upper": 0.20684999999999998,
      "median": 0.2222222222222222,
      "min": 0.0,
      "max": 0.4,
      "n_runs": 100
    },
    "shd": {
      "mean": 7.31,
      "std": 0.6145541210314741,
      "ci_95_lower": 7.19,
      "ci_95_upper": 7.43,
      "median": 7.0,
      "min": 6.0,
      "max": 8.0,
      "n_runs": 100
    }
  }
}