{
  "dataset": "survey",
  "algorithm": "fci",
  "n_runs": 100,
  "results": {
    "precision": {
      "mean": 0.45711309523809524,
      "std": 0.056423427266877754,
      "ci_95_lower": 0.44577380952380957,
      "ci_95_upper": 0.4678571428571429,
      "median": 0.5,
      "min": 0.3125,
      "max": 0.5,
      "n_runs": 100
    },
    "recall": {
      "mean": 0.8849999999999999,
      "std": 0.08101142345075411,
      "ci_95_lower": 0.8699999999999999,
      "ci_95_upper": 0.9016666666666664,
      "median": 0.8333333333333334,
      "min": 0.6666666666666666,
      "max": 1.0,
      "n_runs": 100
    },
    "f1": {
      "mean": 0.5995501443001443,
      "std": 0.053645290057717725,
      "ci_95_lower": 0.5889265782828282,
      "ci_95_upper": 0.609775027056277,
      "median": 0.625,
      "min": 0.45454545454545453,
      "max": 0.6666666666666666,
      "n_runs": 100
    },
    "shd": {
      "mean": 12.51,
      "std": 1.7551943113818114,
      "ci_95_lower": 12.16975,
      "ci_95_upper": 12.86,
      "median": 12.0,
      "min": 10.0,
      "max": 17.0,
      "n_runs": 100
    }
  }
}