{
  "dataset": "synthetic_60",
  "algorithm": "notears",
  "n_runs": 100,
  "results": {
    "precision": {
      "mean": 0.3636588088406367,
      "std": 0.01112697609349483,
      "ci_95_lower": 0.3615180283310326,
      "ci_95_upper": 0.3658325472240436,
      "median": 0.36374037861452047,
      "min": 0.3381995133819951,
      "max": 0.3923076923076923,
      "n_runs": 100
    },
    "recall": {
      "mean": 0.2747166361974406,
      "std": 0.012156780370186752,
      "ci_95_lower": 0.2724131627056673,
      "ci_95_upper": 0.2770932358318099,
      "median": 0.2742230347349177,
      "min": 0.2449725776965265,
      "max": 0.30347349177330896,
      "n_runs": 100
    },
    "f1": {
      "mean": 0.3128759115368593,
      "std": 0.010588722705748857,
      "ci_95_lower": 0.3108049928694755,
      "ci_95_upper": 0.31493467800954694,
      "median": 0.3124344863731656,
      "min": 0.28842105263157897,
      "max": 0.3380855397148676,
      "n_runs": 100
    },
    "shd": {
      "mean": 659.78,
      "std": 11.018423506366805,
      "ci_95_lower": 657.61,
      "ci_95_upper": 661.92025,
      "median": 659.5,
      "min": 631.0,
      "max": 684.0,
      "n_runs": 100
    }
  }
}