{
  "dataset": "synthetic_60",
  "algorithm": "fci",
  "n_runs": 100,
  "results": {
    "precision": {
      "mean": 0.37417102388128964,
      "std": 0.014829689283629335,
      "ci_95_lower": 0.3712510004211149,
      "ci_95_upper": 0.37708585224590546,
      "median": 0.375,
      "min": 0.3387096774193548,
      "max": 0.41346153846153844,
      "n_runs": 100
    },
    "recall": {
      "mean": 0.07519195612431444,
      "std": 0.00432975002619697,
      "ci_95_lower": 0.07433272394881171,
      "ci_95_upper": 0.07605118829981718,
      "median": 0.07495429616087751,
      "min": 0.062157221206581355,
      "max": 0.08409506398537477,
      "n_runs": 100
    },
    "f1": {
      "mean": 0.12516501881792513,
      "std": 0.006381215929183098,
      "ci_95_lower": 0.12389185851119916,
      "ci_95_upper": 0.12640157440368524,
      "median": 0.1251908396946565,
      "min": 0.1060842433697348,
      "max": 0.13834586466165413,
      "n_runs": 100
    },
    "shd": {
      "mean": 615.87,
      "std": 4.696129934705422,
      "ci_95_lower": 614.96,
      "ci_95_upper": 616.77,
      "median": 616.0,
      "min": 606.0,
      "max": 629.0,
      "n_runs": 100
    }
  }
}