{
  "dataset": "synthetic_50",
  "algorithm": "pc",
  "n_runs": 100,
  "results": {
    "precision": {
      "mean": 0.36011710891029297,
      "std": 0.0185304753631979,
      "ci_95_lower": 0.3565370072766138,
      "ci_95_upper": 0.3637955055981134,
      "median": 0.36,
      "min": 0.3220338983050847,
      "max": 0.4111111111111111,
      "n_runs": 100
    },
    "recall": {
      "mean": 0.090390625,
      "std": 0.00615251511099382,
      "ci_95_lower": 0.08919270833333336,
      "ci_95_upper": 0.09158854166666668,
      "median": 0.09114583333333333,
      "min": 0.078125,
      "max": 0.10677083333333333,
      "n_runs": 100
    },
    "f1": {
      "mean": 0.14439857246597088,
      "std": 0.008485103339919258,
      "ci_95_lower": 0.14280413936389272,
      "ci_95_upper": 0.14608913569557044,
      "median": 0.1440329218106996,
      "min": 0.12658227848101264,
      "max": 0.16666666666666666,
      "n_runs": 100
    },
    "shd": {
      "mean": 445.81,
      "std": 5.264124818144998,
      "ci_95_lower": 444.8,
      "ci_95_upper": 446.82,
      "median": 446.0,
      "min": 433.0,
      "max": 464.0,
      "n_runs": 100
    }
  }
}