{
  "dataset": "synthetic_12",
  "algorithm": "fci",
  "n_runs": 100,
  "results": {
    "precision": {
      "mean": 0.4723393261150614,
      "std": 0.028548189205926958,
      "ci_95_lower": 0.4667041326626805,
      "ci_95_upper": 0.4778372559119802,
      "median": 0.4642857142857143,
      "min": 0.38235294117647056,
      "max": 0.5,
      "n_runs": 100
    },
    "recall": {
      "mean": 0.7222222222222225,
      "std": 0.028470596843918804,
      "ci_95_lower": 0.7166666666666669,
      "ci_95_upper": 0.727777777777778,
      "median": 0.7222222222222222,
      "min": 0.6666666666666666,
      "max": 0.8333333333333334,
      "n_runs": 100
    },
    "f1": {
      "mean": 0.5705029079616036,
      "std": 0.023829053306324125,
      "ci_95_lower": 0.5657813735177866,
      "ci_95_upper": 0.5749877112742331,
      "median": 0.5652173913043479,
      "min": 0.4999999999999999,
      "max": 0.625,
      "n_runs": 100
    },
    "shd": {
      "mean": 32.62,
      "std": 1.7739985081929204,
      "ci_95_lower": 32.28,
      "ci_95_upper": 32.97,
      "median": 33.0,
      "min": 30.0,
      "max": 39.0,
      "n_runs": 100
    }
  }
}