{
  "dataset": "synthetic_60",
  "algorithm": "lingam",
  "n_runs": 100,
  "results": {
    "precision": {
      "mean": 0.12335126980093337,
      "std": 0.018394801963693693,
      "ci_95_lower": 0.11977782371732375,
      "ci_95_upper": 0.12693548235289623,
      "median": 0.1194377468069065,
      "min": 0.08662026295436968,
      "max": 0.18541505042668735,
      "n_runs": 100
    },
    "recall": {
      "mean": 0.29336380255941497,
      "std": 0.04716799026411358,
      "ci_95_lower": 0.2842957038391224,
      "ci_95_upper": 0.30259643510054846,
      "median": 0.2870201096892139,
      "min": 0.20292504570383912,
      "max": 0.4369287020109689,
      "n_runs": 100
    },
    "f1": {
      "mean": 0.17365161306191382,
      "std": 0.02643551567716907,
      "ci_95_lower": 0.16860418542699945,
      "ci_95_upper": 0.17899178724290912,
      "median": 0.16848851086766786,
      "min": 0.12173913043478261,
      "max": 0.26034858387799564,
      "n_runs": 100
    },
    "shd": {
      "mean": 1525.04,
      "std": 44.99874745731566,
      "ci_95_lower": 1515.97925,
      "ci_95_upper": 1533.50025,
      "median": 1529.0,
      "min": 1358.0,
      "max": 1616.0,
      "n_runs": 100
    }
  }
}