{
  "dataset": "synthetic_30",
  "algorithm": "notears",
  "n_runs": 100,
  "results": {
    "precision": {
      "mean": 0.9903667309436347,
      "std": 0.017237767859433026,
      "ci_95_lower": 0.9867852450159119,
      "ci_95_upper": 0.9934467256831923,
      "median": 1.0,
      "min": 0.9016393442622951,
      "max": 1.0,
      "n_runs": 100
    },
    "recall": {
      "mean": 0.5195959595959596,
      "std": 0.03083637706929454,
      "ci_95_lower": 0.5135353535353535,
      "ci_95_upper": 0.5254545454545455,
      "median": 0.5151515151515151,
      "min": 0.46464646464646464,
      "max": 0.5858585858585859,
      "n_runs": 100
    },
    "f1": {
      "mean": 0.6809322308728329,
      "std": 0.02592857069208463,
      "ci_95_lower": 0.6759298976081326,
      "ci_95_upper": 0.6859311935925155,
      "median": 0.6799999999999999,
      "min": 0.6344827586206897,
      "max": 0.729559748427673,
      "n_runs": 100
    },
    "shd": {
      "mean": 48.09,
      "std": 2.9510997778777144,
      "ci_95_lower": 47.5,
      "ci_95_upper": 48.66,
      "median": 48.0,
      "min": 43.0,
      "max": 53.0,
      "n_runs": 100
    }
  }
}