{
  "dataset": "synthetic_12",
  "algorithm": "notears",
  "n_runs": 100,
  "results": {
    "precision": {
      "mean": 0.9527929292929292,
      "std": 0.05387084408076863,
      "ci_95_lower": 0.9422727272727274,
      "ci_95_upper": 0.9634244318181818,
      "median": 1.0,
      "min": 0.875,
      "max": 1.0,
      "n_runs": 100
    },
    "recall": {
      "mean": 0.456111111111111,
      "std": 0.045563219633980995,
      "ci_95_lower": 0.4472222222222222,
      "ci_95_upper": 0.465,
      "median": 0.4444444444444444,
      "min": 0.3888888888888889,
      "max": 0.6111111111111112,
      "n_runs": 100
    },
    "f1": {
      "mean": 0.6149749961405134,
      "std": 0.041611802981142,
      "ci_95_lower": 0.6067247823951274,
      "ci_95_upper": 0.623225510504821,
      "median": 0.6153846153846153,
      "min": 0.5384615384615385,
      "max": 0.7586206896551725,
      "n_runs": 100
    },
    "shd": {
      "mean": 10.23,
      "std": 0.8744984132332516,
      "ci_95_lower": 10.06,
      "ci_95_upper": 10.4,
      "median": 10.0,
      "min": 7.0,
      "max": 12.0,
      "n_runs": 100
    }
  }
}