{
  "dataset": "synthetic_50",
  "algorithm": "notears",
  "n_runs": 100,
  "results": {
    "precision": {
      "mean": 0.5030291503894861,
      "std": 0.023847489095917263,
      "ci_95_lower": 0.4983701881537819,
      "ci_95_upper": 0.507609430210161,
      "median": 0.5038348946135831,
      "min": 0.4353932584269663,
      "max": 0.5471698113207547,
      "n_runs": 100
    },
    "recall": {
      "mean": 0.3721093749999999,
      "std": 0.0332877106997944,
      "ci_95_lower": 0.365625,
      "ci_95_upper": 0.378490234375,
      "median": 0.3697916666666667,
      "min": 0.3151041666666667,
      "max": 0.4401041666666667,
      "n_runs": 100
    },
    "f1": {
      "mean": 0.4262224639980474,
      "std": 0.018811676523512372,
      "ci_95_lower": 0.4225998872930975,
      "ci_95_upper": 0.42986032260238505,
      "median": 0.4265905445951027,
      "min": 0.3891547049441786,
      "max": 0.46556473829201106,
      "n_runs": 100
    },
    "shd": {
      "mean": 383.61,
      "std": 14.312454843120506,
      "ci_95_lower": 380.85,
      "ci_95_upper": 386.44,
      "median": 382.0,
      "min": 359.0,
      "max": 430.0,
      "n_runs": 100
    }
  }
}