{
  "dataset": "synthetic_30",
  "algorithm": "fci",
  "n_runs": 100,
  "results": {
    "precision": {
      "mean": 0.39217490483573597,
      "std": 0.022031877949390894,
      "ci_95_lower": 0.38788665147453877,
      "ci_95_upper": 0.39645184284641305,
      "median": 0.39237451737451734,
      "min": 0.3375,
      "max": 0.4473684210526316,
      "n_runs": 100
    },
    "recall": {
      "mean": 0.30565656565656574,
      "std": 0.017265389668397534,
      "ci_95_lower": 0.3023232323232324,
      "ci_95_upper": 0.3090909090909091,
      "median": 0.30303030303030304,
      "min": 0.25252525252525254,
      "max": 0.3434343434343434,
      "n_runs": 100
    },
    "f1": {
      "mean": 0.34324561375911394,
      "std": 0.01644972278659948,
      "ci_95_lower": 0.339993823222725,
      "ci_95_upper": 0.3464571485920543,
      "median": 0.3428571428571428,
      "min": 0.2994011976047904,
      "max": 0.38857142857142857,
      "n_runs": 100
    },
    "shd": {
      "mean": 146.04,
      "std": 4.064927596358435,
      "ci_95_lower": 145.26,
      "ci_95_upper": 146.85,
      "median": 146.0,
      "min": 138.0,
      "max": 155.0,
      "n_runs": 100
    }
  }
}