{
  "dataset": "synthetic_12",
  "algorithm": "pc",
  "n_runs": 100,
  "results": {
    "precision": {
      "mean": 0.4698690880198233,
      "std": 0.029803800525990954,
      "ci_95_lower": 0.46399693223443234,
      "ci_95_upper": 0.47561272893772905,
      "median": 0.4642857142857143,
      "min": 0.38235294117647056,
      "max": 0.5,
      "n_runs": 100
    },
    "recall": {
      "mean": 0.7233333333333337,
      "std": 0.029524223284764835,
      "ci_95_lower": 0.717777777777778,
      "ci_95_upper": 0.7294444444444446,
      "median": 0.7222222222222222,
      "min": 0.6666666666666666,
      "max": 0.8333333333333334,
      "n_runs": 100
    },
    "f1": {
      "mean": 0.5689579145492188,
      "std": 0.024623838578989643,
      "ci_95_lower": 0.564051397044984,
      "ci_95_upper": 0.573641130717109,
      "median": 0.5652173913043479,
      "min": 0.4999999999999999,
      "max": 0.625,
      "n_runs": 100
    },
    "shd": {
      "mean": 32.8,
      "std": 1.885618083164127,
      "ci_95_lower": 32.43,
      "ci_95_upper": 33.17,
      "median": 33.0,
      "min": 30.0,
      "max": 39.0,
      "n_runs": 100
    }
  }
}