{
  "dataset": "synthetic_30",
  "algorithm": "pc",
  "n_runs": 100,
  "results": {
    "precision": {
      "mean": 0.38931876571612084,
      "std": 0.02054196258489418,
      "ci_95_lower": 0.3852674074973296,
      "ci_95_upper": 0.39340103592713627,
      "median": 0.39106789716545814,
      "min": 0.3409090909090909,
      "max": 0.4358974358974359,
      "n_runs": 100
    },
    "recall": {
      "mean": 0.31222222222222223,
      "std": 0.01787973610232258,
      "ci_95_lower": 0.3087878787878788,
      "ci_95_upper": 0.3157575757575758,
      "median": 0.31313131313131315,
      "min": 0.25252525252525254,
      "max": 0.36363636363636365,
      "n_runs": 100
    },
    "f1": {
      "mean": 0.34622619223346773,
      "std": 0.016168040714056787,
      "ci_95_lower": 0.3430836323170112,
      "ci_95_upper": 0.349358257945697,
      "median": 0.34827379260241953,
      "min": 0.2994011976047904,
      "max": 0.3850267379679145,
      "n_runs": 100
    },
    "shd": {
      "mean": 147.61,
      "std": 4.044936977446639,
      "ci_95_lower": 146.83,
      "ci_95_upper": 148.44,
      "median": 147.0,
      "min": 139.0,
      "max": 158.0,
      "n_runs": 100
    }
  }
}