{
  "dataset": "synthetic_60",
  "algorithm": "pc",
  "n_runs": 100,
  "results": {
    "precision": {
      "mean": 0.3734253545906763,
      "std": 0.014836990312825796,
      "ci_95_lower": 0.37051559431425646,
      "ci_95_upper": 0.3762935621619477,
      "median": 0.375,
      "min": 0.3389830508474576,
      "max": 0.4117647058823529,
      "n_runs": 100
    },
    "recall": {
      "mean": 0.0759597806215722,
      "std": 0.004404884916148982,
      "ci_95_lower": 0.07510054844606948,
      "ci_95_upper": 0.07681901279707494,
      "median": 0.07678244972577697,
      "min": 0.062157221206581355,
      "max": 0.08409506398537477,
      "n_runs": 100
    },
    "f1": {
      "mean": 0.12618519478473778,
      "std": 0.006488550485117999,
      "ci_95_lower": 0.12487433720583994,
      "ci_95_upper": 0.12743187683333163,
      "median": 0.1270801815431165,
      "min": 0.1057542768273717,
      "max": 0.138763197586727,
      "n_runs": 100
    },
    "shd": {
      "mean": 616.79,
      "std": 4.725377436691372,
      "ci_95_lower": 615.87,
      "ci_95_upper": 617.69,
      "median": 616.0,
      "min": 607.0,
      "max": 630.0,
      "n_runs": 100
    }
  }
}