{
  "dataset": "synthetic_30",
  "algorithm": "lingam",
  "n_runs": 100,
  "results": {
    "precision": {
      "mean": 0.1505148753404874,
      "std": 0.02269339680813372,
      "ci_95_lower": 0.1460586494059002,
      "ci_95_upper": 0.1549371460763954,
      "median": 0.15116890926858603,
      "min": 0.1,
      "max": 0.2125,
      "n_runs": 100
    },
    "recall": {
      "mean": 0.3846464646464646,
      "std": 0.06991820200205093,
      "ci_95_lower": 0.37111111111111117,
      "ci_95_upper": 0.3981818181818182,
      "median": 0.3838383838383838,
      "min": 0.24242424242424243,
      "max": 0.5454545454545454,
      "n_runs": 100
    },
    "f1": {
      "mean": 0.21613212074402058,
      "std": 0.033969876381359274,
      "ci_95_lower": 0.20947231092918955,
      "ci_95_upper": 0.2228114322101323,
      "median": 0.21707582739840803,
      "min": 0.14159292035398233,
      "max": 0.30088495575221236,
      "n_runs": 100
    },
    "shd": {
      "mean": 275.18,
      "std": 15.361226276807225,
      "ci_95_lower": 272.26,
      "ci_95_upper": 278.18025,
      "median": 274.0,
      "min": 237.0,
      "max": 321.0,
      "n_runs": 100
    }
  }
}