{
  "dataset": "synthetic_12",
  "algorithm": "lingam",
  "n_runs": 100,
  "results": {
    "precision": {
      "mean": 0.2558764480914386,
      "std": 0.06176462446910497,
      "ci_95_lower": 0.2438669819258938,
      "ci_95_upper": 0.2680428644767642,
      "median": 0.262531328320802,
      "min": 0.08,
      "max": 0.38461538461538464,
      "n_runs": 100
    },
    "recall": {
      "mean": 0.455,
      "std": 0.1416273244814733,
      "ci_95_lower": 0.4272222222222222,
      "ci_95_upper": 0.48166666666666663,
      "median": 0.4444444444444444,
      "min": 0.1111111111111111,
      "max": 0.7222222222222222,
      "n_runs": 100
    },
    "f1": {
      "mean": 0.3258487055090668,
      "std": 0.0852432820903591,
      "ci_95_lower": 0.3089411654418697,
      "ci_95_upper": 0.3424359954426241,
      "median": 0.33687943262411346,
      "min": 0.09302325581395349,
      "max": 0.490566037735849,
      "n_runs": 100
    },
    "shd": {
      "mean": 33.17,
      "std": 3.5506579273666614,
      "ci_95_lower": 32.47,
      "ci_95_upper": 33.85,
      "median": 33.0,
      "min": 24.0,
      "max": 40.0,
      "n_runs": 100
    }
  }
}