{
  "dataset": "synthetic_50",
  "algorithm": "lingam",
  "n_runs": 100,
  "results": {
    "precision": {
      "mean": 0.15227436395241148,
      "std": 0.017598906232833403,
      "ci_95_lower": 0.1488770815409188,
      "ci_95_upper": 0.15571608326259978,
      "median": 0.15301984291502796,
      "min": 0.11297539149888143,
      "max": 0.1898876404494382,
      "n_runs": 100
    },
    "recall": {
      "mean": 0.3617708333333334,
      "std": 0.04636761263201374,
      "ci_95_lower": 0.3528125000000001,
      "ci_95_upper": 0.3707552083333333,
      "median": 0.36588541666666663,
      "min": 0.2526041666666667,
      "max": 0.453125,
      "n_runs": 100
    },
    "f1": {
      "mean": 0.21429258269428333,
      "std": 0.025450069711325213,
      "ci_95_lower": 0.20914673859349278,
      "ci_95_upper": 0.21937307899691436,
      "median": 0.21580517099507734,
      "min": 0.15759545085296506,
      "max": 0.2663587374903772,
      "n_runs": 100
    },
    "shd": {
      "mean": 1017.33,
      "std": 31.117910332063484,
      "ci_95_lower": 1011.2797499999999,
      "ci_95_upper": 1023.36,
      "median": 1018.0,
      "min": 936.0,
      "max": 1088.0,
      "n_runs": 100
    }
  }
}