{
  "dataset": "synthetic_50",
  "algorithm": "fci",
  "n_runs": 100,
  "results": {
    "precision": {
      "mean": 0.36057279672214904,
      "std": 0.01824883176814632,
      "ci_95_lower": 0.35702806486378574,
      "ci_95_upper": 0.3641958684265448,
      "median": 0.36,
      "min": 0.32142857142857145,
      "max": 0.4111111111111111,
      "n_runs": 100
    },
    "recall": {
      "mean": 0.09018229166666666,
      "std": 0.00601013437444319,
      "ci_95_lower": 0.08901041666666668,
      "ci_95_upper": 0.09135416666666668,
      "median": 0.09114583333333333,
      "min": 0.078125,
      "max": 0.10677083333333333,
      "n_runs": 100
    },
    "f1": {
      "mean": 0.1441790828114848,
      "std": 0.008362477727588483,
      "ci_95_lower": 0.14259742227152403,
      "ci_95_upper": 0.14583957183409232,
      "median": 0.1440329218106996,
      "min": 0.12658227848101264,
      "max": 0.16666666666666666,
      "n_runs": 100
    },
    "shd": {
      "mean": 445.53,
      "std": 4.985747363001535,
      "ci_95_lower": 444.58,
      "ci_95_upper": 446.48025,
      "median": 446.0,
      "min": 433.0,
      "max": 460.0,
      "n_runs": 100
    }
  }
}